ID	Description	GeneRatio	BgRatio	RichFactor	FoldEnrichment	zScore	pvalue	p.adjust	qvalue	geneID	Count
GO:0006952	defense response	179/1177	1455/14829	0.123024054982818	1.54997766469006	6.48600486533344	6.89017360539799e-10	2.04004755463985e-06	1.89450803646784e-06	NOX1/IL32/PRSS3/ALOX5/VIM/TNC/HDAC9/TAB2/SP100/SP140/OAS1/NLRC4/ESR1/TMED1/APOL1/BDKRB1/SAMHD1/CST3/WFDC2/ABCD1/TIMP1/TRADD/CORO1A/PYCARD/STX4/KCNN4/PPP1R13L/RPS19/CDC37/RARRES2/TRIM14/LGALS3BP/DHX58/MDK/MVK/OAS3/VNN1/TUSC2/STAT1/PARK7/NCF2/UAP1/GBP3/GBP1/CD160/F3/VAMP8/IFIT3/IFIT2/CD274/NPPB/TRIM25/CCRL2/NMI/SLPI/ZNFX1/IRF1/BPIFB1/STAT5A/IFI6/APOL3/APOL2/CDO1/BST2/THEMIS2/SHFL/IDO1/RFTN1/LGALS3/TRIM21/ETS1/TRAFD1/RTP4/KLF4/TLR4/CCN3/MMP7/TRIM29/CASP1/THBS1/UACA/CALHM2/SEMA7A/PML/CHST4/NLRC5/PMAIP1/IFITM3/COL6A1/IL22RA1/ECM1/ADAM15/LYAR/TIFA/LCN2/ADAMTS12/CAMK4/IFIT5/MOV10/HK1/ZYX/ZDHHC12/GBP2/GBP4/NLRP3/FCMR/TRIM17/CTSS/ADORA1/IFI16/DTX3L/HMGB2/ERAP1/TLR3/GPER1/CASP7/SMPD1/B2M/DAPK3/TNIP2/STAT2/PIK3CD/IL17D/SLFN11/RAB43/MYD88/PPP1R14B/HRAS/CHST2/LPL/FOSL1/SFN/SPHK1/METRNL/APOBEC3B/CDH5/DDX60L/UBA7/IFNL1/IFNL2/CSF1/STING1/IFIT1/KRT16/ISG15/TUBB4B/PLSCR1/HMGB1/TUBB/HRH1/CASP4/SERPINA1/DPP4/CFD/ATAD3A/HMGN2/HSPA1B/HSPA1A/CARD16/MICB/HLA-C/ABCF1/HLA-E/RNF39/HLA-F/CD177/SAMD9/KLRC2/HLA-A/GPSM3/TREX1/PSG3/C4B/GPX1/HLA-B/TXNIP/H2BC8/USP27X/RAB7B	179
GO:0009605	response to external stimulus	225/1177	1940/14829	0.115979381443299	1.46122196042709	6.39782874493983	7.34755107019574e-10	2.04004755463985e-06	1.89450803646784e-06	ENPP4/UPF1/CD9/PRSS3/PLAUR/ALOX5/TYMP/VIM/RTN4R/TNC/ARHGEF5/TAB2/SP100/SLC1A3/IL12RB2/OAS1/NLRC4/ESR1/TMED1/TSPO/APOL1/BDKRB1/SAMHD1/E2F1/WFDC2/PLP2/FMR1/TRADD/CORO1A/PYCARD/STX4/PPP1R13L/RPS19/CDC37/AP1S1/RARRES2/TRIM14/ENG/DHX58/COL1A1/ALOX12/GLRB/MDK/MVK/SH2B3/OAS3/RIPOR2/VNN1/HBEGF/LOX/PRLR/TUSC2/STAT1/ODC1/PARK7/NCF2/UAP1/GBP3/GBP1/CD160/F3/STMN1/VAMP8/PPL/IFIT3/IFIT2/CD274/NPPB/TNFRSF8/TRIM25/CCRL2/NMI/RAB38/SLPI/ZNFX1/IRF1/BPIFB1/CEP250/IFI6/ACKR4/SOX15/BST2/SHFL/MPP1/PKDREJ/HABP4/IDO1/RFTN1/LGALS3/TRIM21/VTCN1/CMPK2/ETS1/TRAFD1/CD63/RTP4/BIN1/KLF4/TLR4/ENPP2/CCN3/MMP7/TRIM29/CASP1/THBS1/UACA/CALHM2/SEMA7A/HERC6/TRPC3/PML/NLRC5/PMAIP1/IFITM3/COL6A1/TRPM2/IL22RA1/ADAM15/RAB13/ACTA1/SLIT2/LYAR/TIFA/LCN2/ROM1/ADAMTS12/NMT2/IFIT5/MOV10/TTN/TIAM1/HK1/NBL1/ZYX/NR2F6/ZDHHC12/GBP2/GBP4/NLRP3/TRIM17/CTSS/ADORA1/IFI16/CDS1/DTX3L/HMGB2/ERAP1/TLR3/CITED2/GPER1/CLDN3/CASP7/SMPD1/B2M/GREM1/VKORC1/GPX4/TUBA1A/DAPK3/TNIP2/STAT2/PIK3CD/SLFN11/RAB43/MYD88/PPP1R14B/CNP/HRAS/PPM1E/LPL/FOSL1/SFN/SPHK1/METRNL/SELENOW/CALR/APOBEC3B/CDH5/DDX60L/UBA7/IFNL1/IFNL2/ALDH1A3/CSF1/STING1/IFIT1/KRT16/ISG15/TUBB4B/PLSCR1/HMGB1/S100A4/TUBB/CASP4/DPP4/PDCD1LG2/CFD/ATAD3A/GRIN3A/HMGN2/TAP2/HSPA1B/HSPA1A/CARD16/MICB/HLA-C/HLA-E/RNF39/HLA-F/CD177/SAMD9/KLRC2/HLA-A/DIO2/GPSM3/TREX1/C4B/GPX1/HLA-B/SCX/EPPK1/TXNIP/H2BC8/USP27X/RAB7B	225
GO:0002376	immune system process	242/1177	2148/14829	0.112662942271881	1.41943820811361	6.17219668396734	2.25262789077813e-09	4.16961422583032e-06	3.87214878488493e-06	CD99/TMEM98/IL32/CD9/PRSS3/ZBTB32/ALOX5/KDM5D/SNAI2/NCAPH2/VIM/HDAC9/ARHGEF5/SP100/STK10/PAG1/RAP1GAP/ITM2A/OAS1/NLRC4/ESR1/PSME1/EZR/TMED1/APOL1/MYH9/RBX1/BDKRB1/SAMHD1/WFDC2/CORO1A/SMPD3/PYCARD/STX4/IL7/KCNN4/ERCC2/IL4I1/RPS19/CDC37/LFNG/RARRES2/GLI3/TRIM14/SMARCD2/DHX58/MDK/SH2B3/OAS3/BTN3A3/RIPOR2/VNN1/LOX/PRLR/TUSC2/STAT1/PARK7/MAD2L2/NCF2/UAP1/GBP3/GBP1/CD160/IRF6/STK11/VAMP8/IFIT3/IFIT2/CD274/NPPB/TRIM25/CCRL2/TNFSF10/TWIST1/NMI/EXOSC9/SLPI/SDC4/ZNFX1/IRF1/BPIFB1/STAT5A/IFI6/ACKR4/BST2/PXDN/ATP5IF1/THEMIS2/SHFL/MPP1/IDO1/RFTN1/LGALS3/TRIM21/VTCN1/IL15RA/ETS1/TRAFD1/DYSF/LCP1/TLR4/CTSV/ENPP2/CCN3/MMP7/TRIM29/CASP1/THBS1/CALHM2/SEMA7A/PDE5A/TAPBPL/PML/CHST4/NLRC5/SECTM1/PMAIP1/IFITM3/TRPM2/ILDR2/ECM1/ADAM15/SLIT2/LYAR/TIFA/MARCHF1/LCN2/CAMK4/IFIT5/RAET1L/HK1/NBL1/ZYX/ZDHHC12/TNFSF13/GBP2/GBP4/NLRP3/FCMR/TRIM17/CTSS/ADORA1/IFI16/DTX3L/HMGB2/ERAP1/ERAP2/TLR3/CITED2/TNFRSF11B/GPER1/AQP3/RET/BRD7/SMPD1/LEO1/B2M/GREM1/PDIA3/DAPK3/FTH1/TNIP2/ROR2/FAXDC2/LGALS9B/STAT2/APLN/PIK3CD/IL17D/SLFN11/RAB43/MYD88/PPP1R14B/HRAS/CHST2/SART1/FOSL1/SFN/SPHK1/SELENOW/CALR/GATA2/APOBEC3B/UBA7/IFNL1/SPNS2/NKX2-5/HMCES/IFNL2/TBX1/CSF1/STING1/SIVA1/IFIT1/EVI2B/BTN3A2/KRT16/GCNT1/ISG15/TUBB4B/PLSCR1/HMGB1/PAX5/TUBB/CASP4/DPP4/PDCD1LG2/CFD/ATAD3A/AKAP17A/MB/CARD11/DLL1/HMGN2/MAFB/PSMB8/TAP2/HSPA1B/HSPA1A/MICB/HLA-C/HLA-E/RNF39/HLA-F/CD177/PSMB10/SAMD9/KLRC2/HLA-A/GPSM3/TREX1/IFI30/PSG3/HMSD/C4B/PSG1/GPX1/HLA-B/PSMB9/H2BC8/USP27X/RAB7B	242
GO:0045087	innate immune response	109/1177	782/14829	0.139386189258312	1.75612387469117	6.37875492694505	3.22257695796441e-09	4.47374246189409e-06	4.15458013607043e-06	VIM/SP100/OAS1/NLRC4/ESR1/TMED1/APOL1/SAMHD1/WFDC2/CORO1A/PYCARD/STX4/RPS19/CDC37/RARRES2/TRIM14/DHX58/OAS3/VNN1/STAT1/NCF2/UAP1/GBP3/GBP1/CD160/IFIT3/IFIT2/CD274/TRIM25/NMI/SLPI/ZNFX1/IRF1/BPIFB1/IFI6/BST2/SHFL/RFTN1/LGALS3/TRIM21/TRAFD1/TLR4/TRIM29/CASP1/PML/NLRC5/IFITM3/ADAM15/LYAR/TIFA/LCN2/IFIT5/HK1/ZYX/ZDHHC12/GBP2/GBP4/NLRP3/TRIM17/CTSS/IFI16/DTX3L/HMGB2/ERAP1/TLR3/GPER1/SMPD1/B2M/DAPK3/TNIP2/STAT2/PIK3CD/RAB43/MYD88/PPP1R14B/FOSL1/SFN/APOBEC3B/UBA7/IFNL1/IFNL2/CSF1/STING1/IFIT1/KRT16/ISG15/TUBB4B/PLSCR1/HMGB1/TUBB/CASP4/CFD/ATAD3A/HSPA1B/HSPA1A/HLA-C/HLA-E/RNF39/HLA-F/CD177/SAMD9/KLRC2/HLA-A/TREX1/C4B/HLA-B/H2BC8/USP27X/RAB7B	109
GO:0006955	immune response	173/1177	1434/14829	0.120641562064156	1.51996068296463	6.08282192311855	6.17608363592301e-09	6.54910714232181e-06	6.08188573084906e-06	TMEM98/IL32/PRSS3/ALOX5/KDM5D/VIM/SP100/PAG1/RAP1GAP/ITM2A/OAS1/NLRC4/ESR1/EZR/TMED1/APOL1/SAMHD1/WFDC2/CORO1A/PYCARD/STX4/IL7/KCNN4/IL4I1/RPS19/CDC37/LFNG/RARRES2/TRIM14/DHX58/MDK/OAS3/BTN3A3/VNN1/STAT1/PARK7/MAD2L2/NCF2/UAP1/GBP3/GBP1/CD160/STK11/VAMP8/IFIT3/IFIT2/CD274/NPPB/TRIM25/CCRL2/TNFSF10/TWIST1/NMI/EXOSC9/SLPI/ZNFX1/IRF1/BPIFB1/STAT5A/IFI6/ACKR4/BST2/PXDN/THEMIS2/SHFL/IDO1/RFTN1/LGALS3/TRIM21/VTCN1/ETS1/TRAFD1/DYSF/LCP1/TLR4/CTSV/ENPP2/MMP7/TRIM29/CASP1/THBS1/SEMA7A/PML/CHST4/NLRC5/SECTM1/IFITM3/ECM1/ADAM15/LYAR/TIFA/MARCHF1/LCN2/CAMK4/IFIT5/RAET1L/HK1/ZYX/ZDHHC12/TNFSF13/GBP2/GBP4/NLRP3/FCMR/TRIM17/CTSS/IFI16/DTX3L/HMGB2/ERAP1/ERAP2/TLR3/GPER1/SMPD1/B2M/PDIA3/DAPK3/FTH1/TNIP2/STAT2/APLN/PIK3CD/RAB43/MYD88/PPP1R14B/HRAS/FOSL1/SFN/GATA2/APOBEC3B/UBA7/IFNL1/SPNS2/HMCES/IFNL2/CSF1/STING1/IFIT1/BTN3A2/KRT16/ISG15/TUBB4B/PLSCR1/HMGB1/TUBB/CASP4/PDCD1LG2/CFD/ATAD3A/CARD11/DLL1/HMGN2/TAP2/HSPA1B/HSPA1A/MICB/HLA-C/HLA-E/RNF39/HLA-F/CD177/PSMB10/SAMD9/KLRC2/HLA-A/TREX1/HMSD/C4B/GPX1/HLA-B/H2BC8/USP27X/RAB7B	173
GO:0009607	response to biotic stimulus	158/1177	1283/14829	0.123148869836321	1.55155020459032	6.06909901465549	7.67764526601461e-09	6.54910714232181e-06	6.08188573084906e-06	UPF1/PRSS3/VIM/TAB2/SP100/SMC1A/IL12RB2/OAS1/NLRC4/ESR1/TMED1/TSPO/APOL1/BDKRB1/SAMHD1/E2F1/WFDC2/SRPX/FMR1/CORO1A/PYCARD/STX4/IL4I1/RPS19/CDC37/AP1S1/RARRES2/TRIM14/DHX58/OAS3/VNN1/PRLR/TUSC2/STAT1/ODC1/NCF2/UAP1/GBP3/GBP1/CD160/STMN1/VAMP8/IFIT3/IFIT2/CD274/NPPB/TRIM25/NMI/SLPI/ZNFX1/IRF1/BPIFB1/IFI6/BST2/SHFL/IDO1/RFTN1/LGALS3/TRIM21/VTCN1/CMPK2/TRAFD1/RTP4/BIN1/KLF4/TLR4/MMP7/TRIM29/CASP1/HERC6/PML/NLRC5/PMAIP1/IFITM3/COL6A1/IL22RA1/ADAM15/LYAR/TIFA/LCN2/IFIT5/MOV10/HK1/ZYX/ZDHHC12/GBP2/GBP4/NLRP3/TRIM17/CTSS/IFI16/DTX3L/HMGB2/ERAP1/TLR3/GPER1/CLDN3/CASP7/SMPD1/B2M/GPX4/DAPK3/TNIP2/STAT2/PIK3CD/SLFN11/RAB43/MYD88/PPP1R14B/CNP/HRAS/PPM1E/LPL/FOSL1/SFN/SELENOW/CALR/APOBEC3B/DDX60L/UBA7/IFNL1/IFNL2/CSF1/STING1/IFIT1/KRT16/ISG15/TUBB4B/PLSCR1/HMGB1/TUBB/CASP4/PDCD1LG2/CFD/ATAD3A/HMGN2/TAP2/HSPA1B/HSPA1A/CARD16/MICB/HLA-C/HLA-E/RNF39/HLA-F/CD177/SAMD9/KLRC2/HLA-A/DIO2/TREX1/C4B/GPX1/HLA-B/TXNIP/H2BC8/USP27X/RAB7B	158
GO:0140546	defense response to symbiont	121/1177	912/14829	0.132675438596491	1.67157525823906	6.14682251821458	8.2556726087255e-09	6.54910714232181e-06	6.08188573084906e-06	PRSS3/VIM/SP100/OAS1/NLRC4/ESR1/TMED1/APOL1/SAMHD1/WFDC2/CORO1A/PYCARD/STX4/RPS19/CDC37/RARRES2/TRIM14/DHX58/OAS3/VNN1/TUSC2/STAT1/NCF2/UAP1/GBP3/GBP1/CD160/VAMP8/IFIT3/IFIT2/CD274/NPPB/TRIM25/NMI/SLPI/ZNFX1/IRF1/BPIFB1/IFI6/BST2/SHFL/RFTN1/LGALS3/TRIM21/TRAFD1/RTP4/TLR4/MMP7/TRIM29/CASP1/PML/NLRC5/PMAIP1/IFITM3/ADAM15/LYAR/TIFA/LCN2/IFIT5/MOV10/HK1/ZYX/ZDHHC12/GBP2/GBP4/NLRP3/TRIM17/CTSS/IFI16/DTX3L/HMGB2/ERAP1/TLR3/GPER1/SMPD1/B2M/DAPK3/TNIP2/STAT2/PIK3CD/SLFN11/RAB43/MYD88/PPP1R14B/FOSL1/SFN/APOBEC3B/DDX60L/UBA7/IFNL1/IFNL2/CSF1/STING1/IFIT1/KRT16/ISG15/TUBB4B/PLSCR1/HMGB1/TUBB/CASP4/CFD/ATAD3A/HMGN2/HSPA1B/HSPA1A/MICB/HLA-C/HLA-E/RNF39/HLA-F/CD177/SAMD9/KLRC2/HLA-A/TREX1/C4B/HLA-B/H2BC8/USP27X/RAB7B	121
GO:0002474	antigen processing and presentation of peptide antigen via MHC class I	15/1177	34/14829	0.441176470588235	5.55837373182068	7.81309820835346	1.25603462538899e-08	8.71845034348134e-06	8.09646530234299e-06	TAPBPL/RAET1L/ERAP1/ERAP2/B2M/PDIA3/CALR/TAP2/MICB/HLA-C/HLA-E/HLA-F/HLA-A/IFI30/HLA-B	15
GO:0051707	response to other organism	153/1177	1244/14829	0.122990353697749	1.54955306285805	5.94595176508827	1.50131297593004e-08	9.26310106148838e-06	8.60225996383776e-06	UPF1/PRSS3/VIM/TAB2/SP100/IL12RB2/OAS1/NLRC4/ESR1/TMED1/TSPO/APOL1/BDKRB1/SAMHD1/E2F1/WFDC2/FMR1/CORO1A/PYCARD/STX4/RPS19/CDC37/AP1S1/RARRES2/TRIM14/DHX58/OAS3/VNN1/PRLR/TUSC2/STAT1/ODC1/NCF2/UAP1/GBP3/GBP1/CD160/STMN1/VAMP8/IFIT3/IFIT2/CD274/NPPB/TRIM25/NMI/SLPI/ZNFX1/IRF1/BPIFB1/IFI6/BST2/SHFL/IDO1/RFTN1/LGALS3/TRIM21/VTCN1/CMPK2/TRAFD1/RTP4/BIN1/TLR4/MMP7/TRIM29/CASP1/HERC6/PML/NLRC5/PMAIP1/IFITM3/COL6A1/IL22RA1/ADAM15/LYAR/TIFA/LCN2/IFIT5/MOV10/HK1/ZYX/ZDHHC12/GBP2/GBP4/NLRP3/TRIM17/CTSS/IFI16/DTX3L/HMGB2/ERAP1/TLR3/GPER1/CLDN3/CASP7/SMPD1/B2M/GPX4/DAPK3/TNIP2/STAT2/PIK3CD/SLFN11/RAB43/MYD88/PPP1R14B/CNP/HRAS/PPM1E/LPL/FOSL1/SFN/SELENOW/CALR/APOBEC3B/DDX60L/UBA7/IFNL1/IFNL2/CSF1/STING1/IFIT1/KRT16/ISG15/TUBB4B/PLSCR1/HMGB1/TUBB/CASP4/PDCD1LG2/CFD/ATAD3A/HMGN2/TAP2/HSPA1B/HSPA1A/CARD16/MICB/HLA-C/HLA-E/RNF39/HLA-F/CD177/SAMD9/KLRC2/HLA-A/DIO2/TREX1/C4B/GPX1/HLA-B/H2BC8/USP27X/RAB7B	153
GO:0043207	response to external biotic stimulus	153/1177	1246/14829	0.122792937399679	1.54706581877641	5.92423300818527	1.67251833953163e-08	9.28749433941914e-06	8.62491299512153e-06	UPF1/PRSS3/VIM/TAB2/SP100/IL12RB2/OAS1/NLRC4/ESR1/TMED1/TSPO/APOL1/BDKRB1/SAMHD1/E2F1/WFDC2/FMR1/CORO1A/PYCARD/STX4/RPS19/CDC37/AP1S1/RARRES2/TRIM14/DHX58/OAS3/VNN1/PRLR/TUSC2/STAT1/ODC1/NCF2/UAP1/GBP3/GBP1/CD160/STMN1/VAMP8/IFIT3/IFIT2/CD274/NPPB/TRIM25/NMI/SLPI/ZNFX1/IRF1/BPIFB1/IFI6/BST2/SHFL/IDO1/RFTN1/LGALS3/TRIM21/VTCN1/CMPK2/TRAFD1/RTP4/BIN1/TLR4/MMP7/TRIM29/CASP1/HERC6/PML/NLRC5/PMAIP1/IFITM3/COL6A1/IL22RA1/ADAM15/LYAR/TIFA/LCN2/IFIT5/MOV10/HK1/ZYX/ZDHHC12/GBP2/GBP4/NLRP3/TRIM17/CTSS/IFI16/DTX3L/HMGB2/ERAP1/TLR3/GPER1/CLDN3/CASP7/SMPD1/B2M/GPX4/DAPK3/TNIP2/STAT2/PIK3CD/SLFN11/RAB43/MYD88/PPP1R14B/CNP/HRAS/PPM1E/LPL/FOSL1/SFN/SELENOW/CALR/APOBEC3B/DDX60L/UBA7/IFNL1/IFNL2/CSF1/STING1/IFIT1/KRT16/ISG15/TUBB4B/PLSCR1/HMGB1/TUBB/CASP4/PDCD1LG2/CFD/ATAD3A/HMGN2/TAP2/HSPA1B/HSPA1A/CARD16/MICB/HLA-C/HLA-E/RNF39/HLA-F/CD177/SAMD9/KLRC2/HLA-A/DIO2/TREX1/C4B/GPX1/HLA-B/H2BC8/USP27X/RAB7B	153
GO:0019882	antigen processing and presentation	25/1177	93/14829	0.268817204301075	3.38682270397676	6.77958653469748	3.76836335481886e-08	1.90233833720992e-05	1.76662316509642e-05	KDM5D/PSME1/PYCARD/RFTN1/CTSV/THBS1/TAPBPL/MARCHF1/RAET1L/CTSS/ERAP1/ERAP2/B2M/PDIA3/CALR/PSMB8/TAP2/MICB/HLA-C/HLA-E/HLA-F/HLA-A/TREX1/IFI30/HLA-B	25
GO:0048002	antigen processing and presentation of peptide antigen	19/1177	58/14829	0.327586206896552	4.12725221925995	7.00653567117458	5.11015459271598e-08	2.27586351279001e-05	2.11350059221819e-05	PYCARD/CTSV/TAPBPL/MARCHF1/RAET1L/CTSS/ERAP1/ERAP2/B2M/PDIA3/CALR/TAP2/MICB/HLA-C/HLA-E/HLA-F/HLA-A/IFI30/HLA-B	19
GO:0098542	defense response to other organism	125/1177	982/14829	0.127291242362525	1.60373987510101	5.74856092703816	5.32797148681255e-08	2.27586351279001e-05	2.11350059221819e-05	PRSS3/VIM/TAB2/SP100/OAS1/NLRC4/ESR1/TMED1/APOL1/SAMHD1/WFDC2/CORO1A/PYCARD/STX4/RPS19/CDC37/RARRES2/TRIM14/DHX58/OAS3/VNN1/TUSC2/STAT1/NCF2/UAP1/GBP3/GBP1/CD160/VAMP8/IFIT3/IFIT2/CD274/NPPB/TRIM25/NMI/SLPI/ZNFX1/IRF1/BPIFB1/IFI6/BST2/SHFL/RFTN1/LGALS3/TRIM21/TRAFD1/RTP4/TLR4/MMP7/TRIM29/CASP1/PML/NLRC5/PMAIP1/IFITM3/IL22RA1/ADAM15/LYAR/TIFA/LCN2/IFIT5/MOV10/HK1/ZYX/ZDHHC12/GBP2/GBP4/NLRP3/TRIM17/CTSS/IFI16/DTX3L/HMGB2/ERAP1/TLR3/GPER1/CASP7/SMPD1/B2M/DAPK3/TNIP2/STAT2/PIK3CD/SLFN11/RAB43/MYD88/PPP1R14B/HRAS/FOSL1/SFN/APOBEC3B/DDX60L/UBA7/IFNL1/IFNL2/CSF1/STING1/IFIT1/KRT16/ISG15/TUBB4B/PLSCR1/HMGB1/TUBB/CASP4/CFD/ATAD3A/HMGN2/HSPA1B/HSPA1A/MICB/HLA-C/HLA-E/RNF39/HLA-F/CD177/SAMD9/KLRC2/HLA-A/TREX1/C4B/HLA-B/H2BC8/USP27X/RAB7B	125
GO:0010628	positive regulation of gene expression	127/1177	1024/14829	0.1240234375	1.5625688654949	5.4782121433726	1.82874694909814e-07	7.2535941488157e-05	6.73611376212917e-05	UPF1/NOX1/IL32/VIM/TNC/DTNBP1/YBX1/PKP1/IL12RB2/OAS1/FUS/NLRC4/EZR/MYH9/E2F1/FMR1/PYCARD/STX4/IL7/SNRNP70/PDCD5/ENG/DHX58/MDK/OAS3/TUSC2/NCL/STAT1/PDCL3/WNT6/PARK7/MAD2L2/UAP1/CD160/F3/CD274/TNFRSF8/TWIST1/IRF1/UPF3B/KRT17/LRP3/HABP4/IDO1/RFTN1/RAMP2/VTCN1/NGF/ETS1/WNT10A/KLF4/TLR4/CASP1/THBS1/CYP1B1/SSB/SEMA7A/HNRNPD/DNAJA4/ARRDC4/SECTM1/RPL11/ACTA1/TTN/HK1/PINK1/LMNA/TNFSF13/NLRP3/ACTG2/IFI16/MELTF/HMGB2/TLR3/CITED2/GPER1/CLDN3/RET/BRD7/SERPINB7/B2M/NKX3-1/AGPAT2/LGALS9B/ZNF804A/PIK3CD/ID4/IL17D/MYD88/TRMT112/HEG1/HRAS/LPL/SPHK1/CALR/GATA2/CDH5/IFNL1/NKX2-5/HMCES/CSF1/STING1/BTN3A2/ISG15/PLSCR1/HMGB1/HNRNPAB/SLC2A10/S100A10/HMGN5/CARD11/DLL1/GJC2/HSPA1B/HSPA1A/ABCF1/HLA-E/HLA-F/HLA-A/GPSM3/HMSD/HOXB-AS3/NICOL1/FOXD1/SCX/SPON1/RAB7B	127
GO:0002483	antigen processing and presentation of endogenous peptide antigen	11/1177	22/14829	0.5	6.29949022939677	7.30370592119789	2.34047170473131e-07	8.1228996102331e-05	7.54340189570966e-05	RAET1L/ERAP1/ERAP2/B2M/TAP2/MICB/HLA-C/HLA-E/HLA-F/HLA-A/HLA-B	11
GO:0019885	antigen processing and presentation of endogenous peptide antigen via MHC class I	11/1177	22/14829	0.5	6.29949022939677	7.30370592119789	2.34047170473131e-07	8.1228996102331e-05	7.54340189570966e-05	RAET1L/ERAP1/ERAP2/B2M/TAP2/MICB/HLA-C/HLA-E/HLA-F/HLA-A/HLA-B	11
GO:0006950	response to stress	344/1177	3428/14829	0.100350058343057	1.26430842410297	5.18192734335417	2.52583964435186e-07	8.25058090887404e-05	7.66197425243329e-05	ENPP4/UPF1/NOX1/IL32/CD9/PRSS3/DPF1/PLAUR/PPP5C/ALOX5/SNAI2/VIM/RTN4R/TNC/DTNBP1/HDAC9/NFE2L3/RAD51/TAB2/RASGRF1/YBX1/SP100/RASSF1/PRKACA/SMC1A/GTSE1/MCAM/UBE2T/TP73/SLC1A3/SP140/KEAP1/DNAJA1/OAS1/FUS/NLRC4/ESR1/CLSPN/TMED1/BCL7C/TSPO/APOL1/MYH9/RBX1/HDAC10/BDKRB1/MYL9/SAMHD1/E2F1/CHMP4B/CST3/WFDC2/SRPX/ABCD1/FMR1/PCSK1N/HTATSF1/TIMP1/SYTL4/TRADD/CORO1A/SMPD3/PYCARD/STX4/KCNN4/PPP1R13L/ERCC2/RNASEH2A/YJU2/POLR2I/PLIN3/RPS19/CDC37/LIG1/DNAJC2/NUDT1/RARRES2/TRIM14/ENG/PDLIM1/PPIF/SMARCD2/LGALS3BP/DHX58/COL1A1/ALOX12/MDK/VWF/MVK/RAD51AP1/SH2B3/OAS3/MCM3/VNN1/HBEGF/TUSC2/CSPG5/STAT1/PARK7/MAD2L2/NCF2/ADPRS/UAP1/GBP3/GBP1/CD160/F3/RPS6KA1/RPA2/STK11/VAMP8/PPL/IFIT3/IFIT2/CD274/DNAJC15/NPPB/TRIM25/CCRL2/TWIST1/CDK2/NMI/SLPI/SDC4/ZNFX1/DEK/MT2A/IRF1/BPIFB1/PROZ/STAT5A/IFI6/PIN1/SEM1/SDF2L1/APOL3/APOL2/CDKN2D/CDO1/BST2/PXDN/THEMIS2/SHFL/GINS2/IDO1/RFTN1/LGALS3/BRME1/TRIM21/MATN2/LOXL2/ETS1/TRAFD1/PRRG4/HNRNPA1/GLUL/CCM2/RTP4/KLF4/TLR4/CCN3/DNAJB5/GMPR/MGARP/MMP7/TRIM29/CASP1/THBS1/UACA/CYP1B1/CALHM2/SEMA7A/TRPC3/DNAJA4/PML/CHST4/NLRC5/WRAP53/PMAIP1/IFITM3/COL6A1/TRPM2/IL22RA1/UFC1/ECM1/ADAM15/MANF/LYAR/TIFA/CETN2/REXO4/LCN2/ADAMTS12/PARP8/HSPB8/CAMK4/IFIT5/SCN3A/SLC25A27/MOV10/HK1/PINK1/DONSON/CHAF1B/HK2/ZYX/ZDHHC12/LMNA/ITGA5/SENP3/UBXN1/GBP2/GBP4/NLRP3/FCMR/TRIM17/CTSS/ADORA1/IFI16/DTX3L/EXO5/HMGB2/ERAP1/TLR3/CITED2/PTTG1/GPER1/CLDN3/AQP3/RET/CASP7/E2F7/BRD7/SMPD1/B2M/FAM111A/TSC22D4/PDIA3/NKX3-1/VKORC1/GPX4/DAPK3/CHAF1A/HDGFL2/IGFBP6/SCARA3/FEN1/ING2/TNIP2/ADRB2/CENPX/STAT2/PIK3CD/IL17D/SLFN11/RAB43/RNASEH2C/MYD88/HSPA6/PPP1R14B/HRAS/CHST2/CENPS/LPL/FOSL1/SFN/CHMP6/SPHK1/HSD11B2/METRNL/HIC1/JUN/PARP10/TAF7/SELENOW/CALR/GATA2/APOBEC3B/CDH5/DDX60L/UBA7/IFNL1/HMCES/IFNL2/CSF1/STING1/IFIT1/KRT16/ISG15/PEAR1/TUBB4B/PLSCR1/H2AX/CLDN4/HMGB1/TUBB/HRH1/CASP4/SERPINA1/DPP4/S100A10/CFD/ATAD3A/MB/COX2/CYTB/ND2/ND5/HMGN2/ND3/ND4/ND1/ATP6/MAFB/DAXX/HSPA1B/HSPA1A/CARD16/MICB/HLA-C/ABCF1/HLA-E/RNF39/HLA-F/CD177/SAMD9/HMGN1/KLRC2/HSP90AB2P/HLA-A/GPSM3/TREX1/CLIC1/PSG3/C4B/MTCO2P12/GPX1/HLA-B/EPPK1/TXNIP/H2BC8/USP27X/UHRF1/RAB7B	344
GO:0048525	negative regulation of viral process	23/1177	90/14829	0.255555555555556	3.21973945058057	6.20184097788226	3.56398298786211e-07	0.000109948875175546	0.000102104986301383	IL32/SP100/OAS1/TRIM14/OAS3/STAT1/TRIM25/SLPI/ZNFX1/BST2/SHFL/TRIM21/IFITM3/IFIT5/LY6E/IFI16/FAM111A/LARP7/APOBEC3B/IFIT1/ISG15/PLSCR1/MPHOSPH8	23
GO:0044419	biological process involved in interspecies interaction between organisms	161/1177	1396/14829	0.115329512893983	1.45303427927347	5.22178091521076	4.44351263092751e-07	0.000129867503366002	0.00012060259489703	UPF1/PRSS3/VIM/TAB2/SP100/IL12RB2/OAS1/NLRC4/ESR1/TMED1/TSPO/APOL1/BDKRB1/SAMHD1/E2F1/CHMP4B/WFDC2/FMR1/CORO1A/PYCARD/STX4/RPS19/CDC37/AP1S1/RARRES2/TRIM14/DHX58/OAS3/VNN1/PRLR/TUSC2/STAT1/ODC1/NCF2/UAP1/GBP3/GBP1/CD160/STMN1/VAMP8/IFIT3/IFIT2/CD274/NPPB/TRIM25/NMI/SLPI/ZNFX1/IRF1/BPIFB1/IFI6/BST2/SHFL/IDO1/RFTN1/LGALS3/TRIM21/VTCN1/CMPK2/TRAFD1/RTP4/BIN1/TLR4/MMP7/TRIM29/CASP1/HERC6/PML/NLRC5/PMAIP1/IFITM3/COL6A1/IL22RA1/ADAM15/LYAR/TIFA/LCN2/IFIT5/MOV10/HK1/ZYX/ZDHHC12/LY6E/ITGA5/GBP2/GBP4/NLRP3/TRIM17/CTSS/IFI16/DTX3L/HMGB2/ERAP1/TLR3/GPER1/CLDN3/CASP7/PSMC3/SMPD1/B2M/GPX4/DAPK3/TNIP2/STAT2/PIK3CD/SLFN11/RAB43/MYD88/PPP1R14B/CNP/HRAS/PPM1E/LPL/FOSL1/SFN/CHMP6/JUN/SELENOW/CALR/APOBEC3B/DDX60L/UBA7/IFNL1/IFNL2/CSF1/STING1/SIVA1/IFIT1/KRT16/ISG15/TUBB4B/PLSCR1/HMGB1/TUBB/CASP4/DPP4/PDCD1LG2/CFD/ATAD3A/HMGN2/TAP2/HSPA1B/HSPA1A/CARD16/MICB/HLA-C/HLA-E/RNF39/HLA-F/CD177/SAMD9/KLRC2/HLA-A/DIO2/TREX1/C4B/GPX1/HLA-B/H2BC8/USP27X/RAB7B	161
GO:0019883	antigen processing and presentation of endogenous antigen	11/1177	25/14829	0.44	5.54355140186916	6.67586110058119	1.18308259494219e-06	0.0003284828824857	0.000305048506980095	RAET1L/ERAP1/ERAP2/B2M/TAP2/MICB/HLA-C/HLA-E/HLA-F/HLA-A/HLA-B	11
GO:0051607	defense response to virus	46/1177	277/14829	0.166064981949458	2.09224946247113	5.38805178926374	1.25511129935524e-06	0.000331887287872365	0.000308210037871746	OAS1/SAMHD1/PYCARD/DHX58/OAS3/STAT1/UAP1/GBP3/GBP1/VAMP8/IFIT3/IFIT2/TRIM25/ZNFX1/IRF1/IFI6/BST2/SHFL/TRIM21/RTP4/CASP1/PML/NLRC5/PMAIP1/IFITM3/IFIT5/MOV10/GBP2/IFI16/DTX3L/TLR3/STAT2/SLFN11/MYD88/APOBEC3B/DDX60L/IFNL1/IFNL2/STING1/IFIT1/ISG15/PLSCR1/ATAD3A/MICB/TREX1/USP27X	46
GO:0002428	antigen processing and presentation of peptide antigen via MHC class Ib	9/1177	17/14829	0.529411764705882	6.67004847818482	6.86808658113473	1.64272408433812e-06	0.000399796257710487	0.00037127429772881	RAET1L/B2M/TAP2/MICB/HLA-C/HLA-E/HLA-F/HLA-A/HLA-B	9
GO:0002683	negative regulation of immune system process	63/1177	432/14829	0.145833333333333	1.83735131690739	5.18614862977865	1.6559182293069e-06	0.000399796257710487	0.00037127429772881	SNAI2/PAG1/OAS1/EZR/SAMHD1/IL4I1/RPS19/GLI3/DHX58/MDK/OAS3/RIPOR2/GBP1/CD160/CD274/TWIST1/NMI/SDC4/IRF1/BPIFB1/STAT5A/BST2/IDO1/LGALS3/TRIM21/VTCN1/TRAFD1/TLR4/CCN3/THBS1/PDE5A/TAPBPL/NLRC5/ILDR2/SLIT2/LYAR/NBL1/ZDHHC12/ADORA1/IFI16/TLR3/TNFRSF11B/GPER1/GREM1/LGALS9B/STAT2/IL17D/SFN/GATA2/IFNL1/ISG15/HMGB1/DPP4/PDCD1LG2/DLL1/MAFB/HLA-E/HLA-F/HLA-A/TREX1/GPX1/HLA-B/RAB7B	63
GO:0052547	regulation of peptidase activity	46/1177	281/14829	0.163701067615658	2.06246655197332	5.27956523879583	1.8865006450161e-06	0.0004364890867406	0.00040534941490938	PLAUR/TIMP2/NLRC4/PSME1/PSME2/CST3/CST4/WFDC2/PCSK1N/TIMP1/PYCARD/F3/TNFSF10/SLPI/BCL2L12/IFI6/CDKN2D/NGF/BIN1/ANP32B/CASP1/THBS1/PMAIP1/ECM1/PINK1/CSTB/UBXN1/IFI16/PI16/GPER1/CLDN3/RET/SPINT1/SERPINB7/NKX3-1/CST1/SVBP/CLDN4/HMGB1/SERPINA1/PSMB8/CARD16/SERPINB5/HMSD/GPX1/PSMB9	46
GO:0002682	regulation of immune system process	151/1177	1329/14829	0.113619262603461	1.43148686928354	4.84054844105481	2.54401674140306e-06	0.000544417766771987	0.000505578329289235	CD99/CD9/ZBTB32/SNAI2/STK10/PAG1/OAS1/NLRC4/ESR1/EZR/BDKRB1/SAMHD1/CORO1A/SMPD3/PYCARD/STX4/IL7/KCNN4/IL4I1/RPS19/CDC37/RARRES2/GLI3/SMARCD2/DHX58/MDK/OAS3/BTN3A3/RIPOR2/VNN1/LOX/PRLR/STAT1/PARK7/MAD2L2/GBP1/CD160/STK11/VAMP8/CD274/TRIM25/TWIST1/NMI/SDC4/ZNFX1/IRF1/BPIFB1/STAT5A/BST2/THEMIS2/MPP1/IDO1/RFTN1/LGALS3/TRIM21/VTCN1/IL15RA/ETS1/TRAFD1/TLR4/CCN3/CASP1/THBS1/CALHM2/SEMA7A/PDE5A/TAPBPL/CHST4/NLRC5/SECTM1/ILDR2/ECM1/SLIT2/LYAR/TIFA/CAMK4/RAET1L/HK1/NBL1/ZDHHC12/TNFSF13/GBP2/NLRP3/FCMR/CTSS/ADORA1/IFI16/HMGB2/ERAP1/TLR3/TNFRSF11B/GPER1/AQP3/BRD7/LEO1/B2M/GREM1/TNIP2/ROR2/FAXDC2/LGALS9B/STAT2/PIK3CD/IL17D/MYD88/HRAS/CHST2/SART1/FOSL1/SFN/SPHK1/CALR/GATA2/IFNL1/SPNS2/HMCES/IFNL2/CSF1/STING1/EVI2B/BTN3A2/GCNT1/ISG15/PLSCR1/HMGB1/DPP4/PDCD1LG2/CFD/CARD11/DLL1/MAFB/TAP2/HSPA1B/HSPA1A/MICB/HLA-C/HLA-E/HLA-F/CD177/KLRC2/HLA-A/GPSM3/TREX1/PSG3/HMSD/C4B/PSG1/GPX1/HLA-B/USP27X/RAB7B	151
GO:0009615	response to virus	55/1177	364/14829	0.151098901098901	1.90369210229023	5.12558381904705	2.5490477104397e-06	0.000544417766771987	0.000505578329289235	OAS1/SAMHD1/FMR1/PYCARD/AP1S1/DHX58/OAS3/STAT1/ODC1/UAP1/GBP3/GBP1/STMN1/VAMP8/IFIT3/IFIT2/TRIM25/NMI/ZNFX1/IRF1/IFI6/BST2/SHFL/TRIM21/RTP4/CASP1/PML/NLRC5/PMAIP1/IFITM3/IFIT5/MOV10/GBP2/NLRP3/IFI16/DTX3L/TLR3/SMPD1/STAT2/SLFN11/MYD88/FOSL1/CALR/APOBEC3B/DDX60L/IFNL1/IFNL2/STING1/IFIT1/ISG15/PLSCR1/ATAD3A/MICB/TREX1/USP27X	55
GO:0042776	proton motive force-driven mitochondrial ATP synthesis	18/1177	67/14829	0.26865671641791	3.38480072027289	5.74444764130156	3.03218467163811e-06	0.00062361931413357	0.000579129540208775	NDUFB2/NDUFB7/ANTKMT/ATP5IF1/NDUFA2/NDUFB10/NDUFS6/ATP5PF/ATP5MG/NDUFS5/ND2/ND5/ND3/ND4/ND1/ATP6/ND4L/ATP8	18
GO:0051240	positive regulation of multicellular organismal process	160/1177	1433/14829	0.111653872993719	1.40672496399649	4.75628352680025	3.46342626056881e-06	0.000686871643747808	0.000637869370320549	ENPP4/NOX1/IL32/ALOX5/GPM6B/MYDGF/PLXNA2/TP73/PKP1/IL12RB2/SRRT/OAS1/NLRC4/EZR/BAMBI/BCL7C/TSPO/FMR1/TRADD/CORO1A/METRN/PYCARD/IL7/IL4I1/SYDE1/RPS19/GLI3/ENG/SMARCD2/DHX58/COL1A1/NMU/MDK/OAS3/VNN1/PRLR/TUSC2/STAT1/PDCL3/PARK7/MAD2L2/UAP1/CD160/F3/RPS6KA1/STK11/VAMP8/ELOVL3/CD274/NPPB/TNFRSF8/TWIST1/HOXC11/G0S2/IRF1/KRT17/SOX15/GADD45G/IDO1/RFTN1/RAMP2/ZNF304/PLAAT4/LOXL2/VTCN1/IL15RA/ETS1/BIN1/KLF4/TLR4/CCN3/CASP1/THBS1/ITPKA/CYP1B1/SEMA7A/PDE5A/TRPC3/ARRDC4/SECTM1/DMRTA2/CRABP2/ECM1/SLIT2/PDGFC/LCN2/ADAM12/ING1/TIAM1/HK1/HK2/S100A1/ITGA5/TNFSF13/NLRP3/IFI16/HMGB2/ERAP1/TLR3/CITED2/GPER1/RET/SPINT1/BRD7/SERPINB7/B2M/GREM1/NKX3-1/VKORC1/ING2/TNIP2/ROR2/ADRB2/CLIC3/AGPAT2/APLN/LPAR3/MAP6/PIK3CD/ID4/IL17D/MYD88/HEG1/HRAS/LPL/SART1/BAIAP2/SPHK1/FAM20C/GATA2/CDH5/IFNL1/NKX2-5/HMCES/ZNF703/CSF1/POU3F2/STING1/EVI2B/BTN3A2/ISG15/PEAR1/HMGB1/HRH1/DPP4/PDCD1LG2/CARD11/DLL1/GJC2/HSPA1B/HSPA1A/HLA-E/HLA-F/HLA-A/DIO2/GPSM3/HMSD/FOXD1/SCX/RAB7B	160
GO:0006119	oxidative phosphorylation	28/1177	139/14829	0.201438848920863	2.53792412119582	5.34887921574069	3.71209112181926e-06	0.000710801448257322	0.000660091992950727	NDUFB2/NDUFB7/ABCD1/ANTKMT/PPIF/PARK7/DNAJC15/ATP5IF1/NDUFA2/NDUFB10/NDUFS6/ATP5PF/PINK1/UQCRQ/ATP5MG/NDUFS5/COX2/CYTB/ND2/ND5/ND3/ND4/ND1/ATP6/UQCC3/ND4L/ATP8/MTCO2P12	28
GO:0002832	negative regulation of response to biotic stimulus	23/1177	103/14829	0.223300970873786	2.81336456846846	5.42241459355098	4.45166103318724e-06	0.000811666049841669	0.000753760788985439	OAS1/SAMHD1/IL4I1/RPS19/DHX58/OAS3/CD274/NMI/TRIM21/TRAFD1/NLRC5/LYAR/IFI16/STAT2/SFN/ISG15/CARD16/MICB/HLA-E/HLA-F/HLA-A/TREX1/HLA-B	23
GO:0006120	mitochondrial electron transport, NADH to ubiquinone	15/1177	50/14829	0.3	3.77969413763806	5.78083893188242	4.53118090133112e-06	0.000811666049841669	0.000753760788985439	NDUFB2/NDUFB7/PARK7/DNAJC15/NDUFA2/NDUFB10/NDUFS6/PINK1/NDUFS5/ND2/ND5/ND3/ND4/ND1/ND4L	15
GO:0015986	proton motive force-driven ATP synthesis	19/1177	76/14829	0.25	3.14974511469839	5.51677124208935	5.20508490259562e-06	0.000875873832245864	0.000813387908702263	NDUFB2/NDUFB7/ANTKMT/ATP5IF1/NDUFA2/NDUFB10/NDUFS6/ATP5PF/ATP5MG/NDUFS5/ATP6V0C/ND2/ND5/ND3/ND4/ND1/ATP6/ND4L/ATP8	19
GO:0045824	negative regulation of innate immune response	19/1177	76/14829	0.25	3.14974511469839	5.51677124208935	5.20508490259562e-06	0.000875873832245864	0.000813387908702263	OAS1/SAMHD1/RPS19/DHX58/OAS3/NMI/TRIM21/TRAFD1/NLRC5/LYAR/IFI16/STAT2/SFN/ISG15/HLA-E/HLA-F/HLA-A/TREX1/HLA-B	19
GO:0009142	nucleoside triphosphate biosynthetic process	25/1177	119/14829	0.210084033613445	2.64684463420032	5.29603874576687	5.56770847803456e-06	0.000909337799368409	0.000844464514981155	NDUFB2/NDUFB7/ANTKMT/UCK1/ATP5IF1/NDUFA2/CMPK2/NDUFB10/NDUFS6/ATP5PF/PINK1/ATP5MG/DTYMK/NDUFS5/TYMS/ATP6V0C/ND2/ND5/ND3/ND4/ND1/ATP6/UQCC3/ND4L/ATP8	25
GO:0001817	regulation of cytokine production	85/1177	662/14829	0.128398791540786	1.61769386555506	4.77413522869965	5.79963021118974e-06	0.000920152758935332	0.000854507921943415	NOX1/IL32/ZBTB32/ALOX5/SNAI2/HDAC9/HOMER3/PRKACA/IL12RB2/OAS1/NLRC4/EZR/TSPO/RBX1/ABCD1/PYCARD/IL7/DHX58/MDK/OAS3/BTN3A3/TUSC2/STAT1/PARK7/UAP1/GBP1/CD160/F3/CD274/TNFRSF8/TWIST1/SRGN/NMI/IRF1/BST2/IDO1/RFTN1/TRIM21/VTCN1/KLF4/TLR4/CASP1/THBS1/CYP1B1/SEMA7A/ARRDC4/PML/SECTM1/UFC1/HK1/NLRP3/IFI16/HMGB2/TLR3/SERPINB7/B2M/AGPAT2/LGALS9B/PIK3CD/IL17D/MYD88/HEG1/HRAS/LPL/SPHK1/IFNL1/STING1/BTN3A2/ISG15/HMGB1/SLC2A10/PDCD1LG2/CARD11/DLL1/HSPA1B/HSPA1A/CARD16/HLA-E/HLA-F/HLA-A/GPSM3/TREX1/HMSD/HLA-B/RAB7B	85
GO:0001819	positive regulation of cytokine production	59/1177	414/14829	0.142512077294686	1.79550687697782	4.82023448990212	7.33177597955688e-06	0.00110124986833115	0.00102268533935271	NOX1/IL32/IL12RB2/OAS1/NLRC4/PYCARD/IL7/DHX58/MDK/OAS3/TUSC2/STAT1/PARK7/UAP1/CD160/F3/CD274/TNFRSF8/TWIST1/IRF1/IDO1/RFTN1/VTCN1/TLR4/CASP1/THBS1/CYP1B1/SEMA7A/ARRDC4/SECTM1/HK1/NLRP3/IFI16/HMGB2/TLR3/SERPINB7/B2M/AGPAT2/PIK3CD/IL17D/MYD88/HEG1/HRAS/LPL/SPHK1/IFNL1/STING1/BTN3A2/ISG15/HMGB1/CARD11/HSPA1B/HSPA1A/HLA-E/HLA-F/HLA-A/GPSM3/HMSD/RAB7B	59
GO:0001816	cytokine production	85/1177	666/14829	0.127627627627628	1.60797798648266	4.71388216460964	7.33769946483931e-06	0.00110124986833115	0.00102268533935271	NOX1/IL32/ZBTB32/ALOX5/SNAI2/HDAC9/HOMER3/PRKACA/IL12RB2/OAS1/NLRC4/EZR/TSPO/RBX1/ABCD1/PYCARD/IL7/DHX58/MDK/OAS3/BTN3A3/TUSC2/STAT1/PARK7/UAP1/GBP1/CD160/F3/CD274/TNFRSF8/TWIST1/SRGN/NMI/IRF1/BST2/IDO1/RFTN1/TRIM21/VTCN1/KLF4/TLR4/CASP1/THBS1/CYP1B1/SEMA7A/ARRDC4/PML/SECTM1/UFC1/HK1/NLRP3/IFI16/HMGB2/TLR3/SERPINB7/B2M/AGPAT2/LGALS9B/PIK3CD/IL17D/MYD88/HEG1/HRAS/LPL/SPHK1/IFNL1/STING1/BTN3A2/ISG15/HMGB1/SLC2A10/PDCD1LG2/CARD11/DLL1/HSPA1B/HSPA1A/CARD16/HLA-E/HLA-F/HLA-A/GPSM3/TREX1/HMSD/HLA-B/RAB7B	85
GO:0019646	aerobic electron transport chain	20/1177	85/14829	0.235294117647059	2.96446599030436	5.33307506480854	8.01395385206389e-06	0.00117109173001344	0.00108754459615681	NDUFB2/NDUFB7/PARK7/DNAJC15/NDUFA2/NDUFB10/NDUFS6/PINK1/UQCRQ/NDUFS5/COX2/CYTB/ND2/ND5/ND3/ND4/ND1/UQCC3/ND4L/MTCO2P12	20
GO:0042127	regulation of cell population proliferation	159/1177	1446/14829	0.109958506224066	1.38536507119514	4.52909193294283	8.95970668210221e-06	0.00126551066728166	0.00117522756954759	NOX1/CD9/ALOX5/SNAI2/TNC/LAMC2/ROGDI/LIMS2/MYDGF/RAP1GAP/TP73/IL12RB2/ESR1/BAMBI/BCL7C/TSPO/E2F1/SRPX/TIMP1/CORO1A/SMPD3/ESRP2/PYCARD/STX4/IL7/IL4I1/MED25/CCNE1/GLI3/OGN/ENG/MDK/SH2B3/RIPOR2/HBEGF/PRLR/GNAI2/STAT1/IGFBP5/PDCL3/ODC1/DHCR24/F3/IRF6/A4GNT/STK11/IFIT3/SFRP5/CD274/TNFRSF8/TWIST1/CDKN2C/CDK2/NMI/SDC4/IRF1/STAT5A/SOX15/CDKN2D/BST2/ATP5IF1/IDO1/ZNF304/LGALS3/PLAAT4/VTCN1/NGF/ETS1/KLF4/TLR4/CCN3/MMP7/THBS1/CYP1B1/COX17/PDE5A/PML/CEP131/DMRTA2/ECM1/WNT9A/PDGFC/SLC25A27/ING1/CFDP1/TIAM1/SSBP3/LMNA/TNFSF13/FRZB/ADORA1/HMGB2/CITED2/CDCA7L/GPER1/CLDN3/E2F7/SPINT1/SERPINB7/B2M/GREM1/NKX3-1/IGFBP6/FTH1/ATOH8/FABP6/LGALS9B/STAT2/RPS9/SHCBP1/APLN/PIK3CD/ID4/COPS9/MYD88/HRAS/BTC/TP53I11/FOSL1/SFN/SPHK1/JUN/PARP10/CALR/GATA2/CDH5/PHLDA2/IFNL1/CRIP2/NKX2-5/ZNF703/SCN5A/TBX1/CSF1/POU3F2/NR2F2/HMGB1/SERTAD1/DPP4/PDCD1LG2/HMGN5/TFDP1/CARD11/DLL1/GJC2/PRC1/SOX18/HSPA1B/HSPA1A/HLA-E/HMGN1/SERPINB5/HLA-A/IFI30/GPX1/SCX/EPPK1/TXNIP/UHRF1	159
GO:0002475	antigen processing and presentation via MHC class Ib	9/1177	20/14829	0.45	5.66954120645709	6.13560967734946	9.11587010467612e-06	0.00126551066728166	0.00117522756954759	RAET1L/B2M/TAP2/MICB/HLA-C/HLA-E/HLA-F/HLA-A/HLA-B	9
GO:0035456	response to interferon-beta	11/1177	30/14829	0.366666666666667	4.6196261682243	5.82692652508253	1.00046055597378e-05	0.00132634227427388	0.00123171937438611	OAS1/STAT1/IRF1/BST2/SHFL/IFITM3/IFI16/TLR3/STING1/PLSCR1/TREX1	11
GO:0045071	negative regulation of viral genome replication	15/1177	53/14829	0.283018867924528	3.565749186451	5.49420770667756	1.00317622041244e-05	0.00132634227427388	0.00123171937438611	OAS1/OAS3/SLPI/ZNFX1/BST2/SHFL/IFITM3/IFIT5/IFI16/FAM111A/APOBEC3B/IFIT1/ISG15/PLSCR1/MPHOSPH8	15
GO:0002476	antigen processing and presentation of endogenous peptide antigen via MHC class Ib	8/1177	16/14829	0.5	6.29949022939677	6.22735975968847	1.11081576074983e-05	0.00140189998169177	0.00130188670141469	RAET1L/TAP2/MICB/HLA-C/HLA-E/HLA-F/HLA-A/HLA-B	8
GO:0002484	antigen processing and presentation of endogenous peptide antigen via MHC class I via ER pathway	8/1177	16/14829	0.5	6.29949022939677	6.22735975968847	1.11081576074983e-05	0.00140189998169177	0.00130188670141469	RAET1L/TAP2/MICB/HLA-C/HLA-E/HLA-F/HLA-A/HLA-B	8
GO:0032101	regulation of response to external stimulus	109/1177	922/14829	0.11822125813449	1.48946732105043	4.50613102144681	1.31475545616716e-05	0.00162013551945297	0.00150455304573158	ENPP4/CD9/PLAUR/ALOX5/RTN4R/TNC/OAS1/NLRC4/ESR1/SAMHD1/TRADD/PYCARD/STX4/PPP1R13L/RPS19/CDC37/RARRES2/DHX58/ALOX12/MDK/MVK/SH2B3/OAS3/RIPOR2/STAT1/PARK7/GBP3/GBP1/CD160/F3/VAMP8/CD274/TRIM25/NMI/ZNFX1/IRF1/BPIFB1/SOX15/MPP1/IDO1/RFTN1/TRIM21/ETS1/TRAFD1/KLF4/TLR4/CCN3/CASP1/THBS1/UACA/CALHM2/SEMA7A/PML/NLRC5/IL22RA1/SLIT2/LYAR/TIFA/ADAMTS12/NMT2/TIAM1/NBL1/ZDHHC12/GBP2/NLRP3/CTSS/ADORA1/IFI16/DTX3L/HMGB2/ERAP1/TLR3/GPER1/CLDN3/GREM1/VKORC1/TNIP2/STAT2/MYD88/LPL/FOSL1/SFN/SPHK1/METRNL/CALR/CDH5/CSF1/STING1/ISG15/PLSCR1/HMGB1/CASP4/DPP4/GRIN3A/HSPA1B/HSPA1A/CARD16/MICB/HLA-E/HLA-F/KLRC2/HLA-A/GPSM3/TREX1/GPX1/HLA-B/EPPK1/USP27X/RAB7B	109
GO:0065009	regulation of molecular function	168/1177	1555/14829	0.108038585209003	1.36117602384393	4.41992177245662	1.34208957130986e-05	0.00162013551945297	0.00150455304573158	IL32/PLAUR/TIMP2/RTN4R/DTNBP1/ARHGEF5/TAB2/RASGRF1/SP100/RAP1GAP/DNAJA1/OAS1/DNAJB11/NLRC4/ESR1/PSME1/CLSPN/TBC1D2/BAMBI/CBARP/SH3BP1/AHSA1/PSME2/EEF1A2/E2F1/CST3/CST4/WFDC2/FMR1/PCSK1N/TIMP1/TRADD/PYCARD/STX4/SNRNP70/TLE5/MED25/SYDE1/CDC37/ADAP1/SSBP1/TRIM14/ENG/EDF1/PPIF/OAS3/RIPOR2/PRLR/GNAI2/PARK7/MAD2L2/F3/STMN1/STK11/CNRIP1/IFIT2/TRIM25/TNFSF10/HPCA/TWIST1/CDKN2C/SLPI/BCL2L12/IFI6/PIN1/YWHAH/CDKN2D/ATP5IF1/HABP4/TRIM21/PLAAT4/CAMK1/PSRC1/NGF/BIN1/TLR4/ANP32B/CASP1/THBS1/CYP1B1/COX17/PDE5A/ARRDC4/NLRC5/PMAIP1/EVI5L/NOSIP/RPL11/ECM1/ADAM15/HES6/DBI/TIAM1/PINK1/CSTB/PRMT2/S100A1/UBXN1/NLRP3/CTSS/RNF25/IFI16/DTX3L/TLR3/PI16/GPER1/CLDN3/RET/SPINT1/SMPD1/SERPINB7/RRAD/B2M/GREM1/NKX3-1/RHEBL1/ADRB2/KCNAB1/CST1/PKIA/MYD88/HEG1/HRAS/CNIH2/UBE2C/PPM1E/CCNE2/SFN/DOK7/CHMP6/SPHK1/JUN/SVBP/PARP10/TAF7/RGS7/TSPYL2/STING1/LRRC26/SUMO3/SIVA1/SPDYE16/NR2F2/IFIT1/PLSCR1/CLDN4/HMGB1/SERTAD1/SERPINA1/S100A10/TFDP1/CARD11/TPM2/PSMB8/PRRT1/HSPA1B/HSPA1A/CARD16/SPDYE2/SPDYE18/SERPINB5/DNAJC9/HMSD/GPX1/PSMB9/SPDYE6/UHRF1/RAB7B	168
GO:0006754	ATP biosynthetic process	21/1177	96/14829	0.21875	2.75602697536109	5.06818647335158	1.60421989504721e-05	0.00189536873982918	0.00176015078742134	NDUFB2/NDUFB7/ANTKMT/ATP5IF1/NDUFA2/NDUFB10/NDUFS6/ATP5PF/PINK1/ATP5MG/NDUFS5/ATP6V0C/ND2/ND5/ND3/ND4/ND1/ATP6/UQCC3/ND4L/ATP8	21
GO:0008285	negative regulation of cell population proliferation	79/1177	620/14829	0.12741935483871	1.60535396168498	4.52121184656339	1.6416887356093e-05	0.00189922865600801	0.00176373533240131	CD9/ALOX5/SNAI2/LIMS2/RAP1GAP/TP73/TSPO/E2F1/SRPX/IL4I1/MED25/GLI3/OGN/ENG/SH2B3/RIPOR2/STAT1/IGFBP5/DHCR24/IRF6/A4GNT/STK11/IFIT3/SFRP5/CD274/TNFRSF8/CDKN2C/NMI/SDC4/IRF1/CDKN2D/ATP5IF1/IDO1/PLAAT4/VTCN1/NGF/ETS1/KLF4/CCN3/THBS1/CYP1B1/PDE5A/PML/WNT9A/ING1/LMNA/FRZB/ADORA1/CITED2/GPER1/CLDN3/E2F7/SPINT1/B2M/GREM1/NKX3-1/IGFBP6/FTH1/ATOH8/FABP6/LGALS9B/APLN/HRAS/TP53I11/FOSL1/SFN/PARP10/GATA2/CDH5/IFNL1/NR2F2/PDCD1LG2/TFDP1/DLL1/HSPA1B/HSPA1A/HLA-E/IFI30/EPPK1	79
GO:0010466	negative regulation of peptidase activity	27/1177	144/14829	0.1875	2.36230883602379	4.82337718064488	2.17849960705882e-05	0.00246881802408115	0.00229268948979187	PLAUR/TIMP2/CST3/CST4/WFDC2/PCSK1N/TIMP1/SLPI/BCL2L12/IFI6/CDKN2D/NGF/BIN1/THBS1/ECM1/CSTB/UBXN1/IFI16/PI16/SPINT1/SERPINB7/CST1/SERPINA1/CARD16/SERPINB5/HMSD/GPX1	27
GO:0051604	protein maturation	70/1177	537/14829	0.130353817504655	1.64232519947029	4.45171117568186	2.37290152938286e-05	0.0026353444385326	0.00244733570367298	ZMYND10/TMEM98/PRSS3/PLAUR/NNAT/PRKACA/DNAJA1/PDRG1/NUDC/DNAJB11/NLRC4/LMF2/MYH9/AHSA1/CTSZ/PCSK1N/RP2/PYCARD/SNRNP70/PDCD5/TBCB/CDC37/DNAJC2/GLI3/AEBP1/PPIF/CPE/PDCL3/DHCR24/QSOX1/F3/NPPB/SRGN/BCL2L12/SDF2L1/DOHH/UBAC1/DNAJB5/CASP1/THBS1/DNAJA4/PFDN2/MMP16/NLRP3/CTSS/IFI16/MELTF/CASP7/B2M/FAM111A/PDIA3/TBCA/HSPA6/FKBP2/CALR/GAS1/GLRX5/CASP4/DPP4/S100A10/CFD/MAFB/PFDN6/HSPA1B/HSPA1A/CARD16/HSP90AB2P/DNLZ/HYPK/SPON1	70
GO:1901652	response to peptide	97/1177	816/14829	0.118872549019608	1.49767292218502	4.29392950897666	3.22690481963333e-05	0.00345304398374603	0.00320669955100075	UPF1/VIM/TIMP2/ST3GAL6/YBX1/SP100/PRKACA/KEAP1/IL12RB2/OAS1/MYBL2/SAMHD1/PLP2/TIMP1/TRADD/CORO1A/SMPD3/PYCARD/STX4/IL7/TLE5/CDC37/COL1A1/SH2B3/OAS3/RIPOR2/LOX/PRLR/NCL/DOK1/STAT1/GBP3/GBP1/F3/CD274/TRIM25/CCRL2/TUBA1B/MT2A/IRF1/STAT5A/ACKR4/BST2/PXDN/SHFL/TRIM21/IL15RA/KLF4/TLR4/CASP1/THBS1/CYP1B1/PML/NLRC5/IFITM3/COL6A1/IL22RA1/ECM1/SLIT2/TIFA/ADAMTS12/HK2/ZYX/GBP2/GBP4/IFI16/TLR3/TNFRSF11B/GPER1/SMPD1/PDIA3/NKX3-1/TUBA1A/DAPK3/TNIP2/AGPAT2/STAT2/RAB43/MYD88/FOSL1/SPHK1/TYMS/CALR/IFNL1/IFNL2/CSF1/STING1/IFIT1/ISG15/PLSCR1/CASP4/HSPA1B/HSPA1A/CARD16/TREX1/USP27X/RAB7B	97
GO:0042773	ATP synthesis coupled electron transport	20/1177	93/14829	0.21505376344086	2.70945816318141	4.85558459177712	3.29571999168989e-05	0.00345304398374603	0.00320669955100075	NDUFB2/NDUFB7/PARK7/DNAJC15/NDUFA2/NDUFB10/NDUFS6/PINK1/UQCRQ/NDUFS5/COX2/CYTB/ND2/ND5/ND3/ND4/ND1/UQCC3/ND4L/MTCO2P12	20
GO:0042775	mitochondrial ATP synthesis coupled electron transport	20/1177	93/14829	0.21505376344086	2.70945816318141	4.85558459177712	3.29571999168989e-05	0.00345304398374603	0.00320669955100075	NDUFB2/NDUFB7/PARK7/DNAJC15/NDUFA2/NDUFB10/NDUFS6/PINK1/UQCRQ/NDUFS5/COX2/CYTB/ND2/ND5/ND3/ND4/ND1/UQCC3/ND4L/MTCO2P12	20
GO:0009888	tissue development	182/1177	1737/14829	0.104778353483017	1.32010042803709	4.16883346159161	3.44949056470057e-05	0.00354722613070042	0.00329416262699183	ALOX5/SNAI2/VIM/TNC/GPM6B/HDAC9/LAMC2/DLX3/HMG20B/COL17A1/YBX1/ROGDI/PITX1/PRKACA/PLXNA2/TP73/KEAP1/PKP1/ESR1/EZR/MYL6/BAMBI/HNRNPH3/SH3BP1/MYH9/CTSZ/STS/TIMP1/TRADD/SMPD3/ESRP2/PPP1R13L/ERCC2/LSR/LFNG/GLI3/OGN/ASPN/ENG/EDF1/PPIF/KRT32/COL1A1/ALOX12/MDK/SIM1/HBEGF/LOX/PRLR/STAT1/IGFBP5/WNT6/DLX2/DHCR24/MAD2L2/CNN3/IRF6/STMN1/PPL/NPPB/TWIST1/SRGN/HOXC13/HOXC11/SDC4/NCLN/KRT17/PODXL/SOX15/SAFB2/KRT34/KRT33B/LGALS3/PLAAT4/LOXL2/WNT10A/CCM2/KLF4/CCN3/RTF1/CYP1B1/HCN4/SEMA7A/FRMD6/PML/SECTM1/COL6A1/DMRTA2/CRABP2/ECM1/ADAM15/RAB13/FLG/ACTA1/WNT9A/SLIT2/NSDHL/TAGLN/RILPL2/ADAMTS12/ROBO4/TTN/TIAM1/SSBP3/LMNA/ITGA5/FRZB/ACTG2/IVL/TIPARP/CITED2/PI16/COL1A2/CLDN3/AQP3/RET/E2F7/SPINT1/SERPINB7/LEO1/GREM1/NKX3-1/ATOH8/ROR2/ADRB2/AGPAT2/IRX2/KRT19/PIK3CD/ID4/RPL38/MYD88/DMRT2/HEG1/HOXB2/HRAS/LPL/SFN/TYMS/FAM20C/ALOXE3/CALR/GATA2/CDH5/PHLDA2/BGN/NKX2-5/ZNF703/SCN5A/TBX1/ALDH1A3/CSF1/POU3F2/NR2F2/KRT16/GCNT1/ISG15/COL14A1/SP6/CLDN4/PAX5/TDRD7/S100A4/TUBB/LAMB3/HNRNPAB/HRNR/TFDP1/HOXC4/DLL1/SELENOM/SOX18/MAFB/FKBPL/SERPINB5/TREX1/GPX1/FOXD1/TUBB3/SCX/EPPK1/TXNIP	182
GO:0051094	positive regulation of developmental process	130/1177	1170/14829	0.111111111111111	1.39988671764373	4.18457964133611	3.96997312126665e-05	0.00400822922588976	0.00372227719063834	DPF1/ALOX5/SNAI2/GPM6B/HMG20B/MYDGF/PLXNA2/TP73/PKP1/SRRT/EZR/BAMBI/BCL7C/TSPO/FMR1/MEDAG/TRADD/METRN/IL7/PPP1R13L/IL4I1/SYDE1/RARRES2/GLI3/ENG/SMARCD2/COL1A1/EHD1/MDK/RIPOR2/VNN1/STAT1/PDCL3/WNT6/DLX2/MAD2L2/F3/RPS6KA1/STK11/TWIST1/HOXC11/UPF3B/KRT17/SOX15/LRP3/RAMP2/ZNF304/PLAAT4/LOXL2/CAMK1/NGF/IL15RA/ETS1/BIN1/KLF4/ENPP2/CCN3/THBS1/ITPKA/CYP1B1/SEMA7A/PDE5A/PML/DMRTA2/CRABP2/ECM1/DLX1/SLIT2/ADAM12/BEND6/ING1/TIAM1/SSBP3/GDPD5/NBL1/PINK1/HK2/S100A1/ITGA5/TNFSF13/NLRP3/FRZB/CDS1/HMGB2/ERAP1/TLR3/CITED2/GPER1/RET/SPINT1/BRD7/GREM1/ING2/ATOH8/ROR2/ADRB2/CLIC3/FAXDC2/LPAR3/MAP6/PIK3CD/ID4/DMRT2/BTC/LPL/SART1/SFN/BAIAP2/SPHK1/METRNL/FAM20C/GATA2/CDH5/NKX2-5/HMCES/ZNF703/TBX1/CSF1/POU3F2/EVI2B/ISG15/HMGB1/DLL1/GJC2/HSPA1B/HSPA1A/CLIC1/FOXD1/SCX/RAB7B	130
GO:0032102	negative regulation of response to external stimulus	48/1177	335/14829	0.143283582089552	1.80522705081221	4.37701476359038	4.4590009133614e-05	0.00442157715569569	0.00410613636739802	CD9/PLAUR/ALOX5/RTN4R/OAS1/SAMHD1/PPP1R13L/RPS19/DHX58/ALOX12/MDK/MVK/SH2B3/OAS3/NMI/TRIM21/TRAFD1/KLF4/CCN3/THBS1/UACA/NLRC5/IL22RA1/SLIT2/LYAR/NBL1/NLRP3/ADORA1/IFI16/GPER1/CLDN3/GREM1/STAT2/SFN/METRNL/CDH5/ISG15/DPP4/GRIN3A/CARD16/MICB/HLA-E/HLA-F/HLA-A/TREX1/GPX1/HLA-B/EPPK1	48
GO:0034097	response to cytokine	95/1177	803/14829	0.118306351183064	1.49053940670658	4.19658609335331	4.68510893887884e-05	0.00456428244519196	0.00423866088486933	UPF1/VIM/TIMP2/ST3GAL6/YBX1/SP100/PRKACA/KEAP1/IL12RB2/OAS1/MYBL2/SAMHD1/PLP2/TIMP1/TRADD/CORO1A/SMPD3/PYCARD/STX4/IL7/TLE5/CDC37/COL1A1/SH2B3/OAS3/RIPOR2/LOX/PRLR/NCL/DOK1/STAT1/GBP3/GBP1/F3/CD274/TRIM25/CCRL2/TUBA1B/MT2A/IRF1/STAT5A/ACKR4/BST2/PXDN/SHFL/TRIM21/IL15RA/KLF4/TLR4/CASP1/THBS1/CYP1B1/PML/NLRC5/IFITM3/IL22RA1/ECM1/SLIT2/TIFA/ADAMTS12/HK2/ZYX/GBP2/GBP4/IFI16/TLR3/TNFRSF11B/GPER1/SMPD1/PDIA3/NKX3-1/TUBA1A/DAPK3/TNIP2/AGPAT2/STAT2/RAB43/MYD88/FOSL1/SPHK1/TYMS/IFNL1/IFNL2/CSF1/STING1/IFIT1/ISG15/PLSCR1/CASP4/HSPA1B/HSPA1A/CARD16/TREX1/USP27X/RAB7B	95
GO:0031347	regulation of defense response	84/1177	690/14829	0.121739130434783	1.53378892541834	4.21615081575731	4.77606449156495e-05	0.00457267002097589	0.00424645008061283	ALOX5/TNC/OAS1/NLRC4/ESR1/SAMHD1/TRADD/PYCARD/PPP1R13L/RPS19/CDC37/DHX58/MDK/MVK/OAS3/STAT1/PARK7/GBP3/GBP1/CD160/VAMP8/CD274/TRIM25/NMI/ZNFX1/IRF1/BPIFB1/IDO1/RFTN1/TRIM21/ETS1/TRAFD1/KLF4/TLR4/CCN3/CASP1/UACA/CALHM2/SEMA7A/PML/NLRC5/IL22RA1/LYAR/TIFA/ADAMTS12/ZDHHC12/GBP2/NLRP3/CTSS/ADORA1/IFI16/DTX3L/HMGB2/ERAP1/TLR3/GPER1/TNIP2/STAT2/MYD88/LPL/FOSL1/SFN/SPHK1/METRNL/CDH5/STING1/ISG15/PLSCR1/HMGB1/CASP4/HSPA1B/HSPA1A/CARD16/MICB/HLA-E/HLA-F/KLRC2/HLA-A/GPSM3/TREX1/GPX1/HLA-B/USP27X/RAB7B	84
GO:0050790	regulation of catalytic activity	118/1177	1047/14829	0.112702960840497	1.41994240127759	4.13845584227928	5.01314882127917e-05	0.00468085314950008	0.004346915290815	PLAUR/TIMP2/RTN4R/DTNBP1/ARHGEF5/TAB2/RASGRF1/RAP1GAP/DNAJA1/OAS1/NLRC4/ESR1/PSME1/CLSPN/TBC1D2/SH3BP1/PSME2/EEF1A2/CST3/CST4/WFDC2/PCSK1N/TIMP1/PYCARD/STX4/SYDE1/CDC37/ADAP1/SSBP1/ENG/OAS3/RIPOR2/PRLR/GNAI2/PARK7/MAD2L2/F3/STMN1/STK11/TNFSF10/CDKN2C/SLPI/BCL2L12/IFI6/PIN1/CDKN2D/ATP5IF1/PLAAT4/CAMK1/PSRC1/NGF/BIN1/TLR4/ANP32B/CASP1/THBS1/COX17/PDE5A/ARRDC4/NLRC5/PMAIP1/EVI5L/NOSIP/RPL11/ECM1/DBI/TIAM1/PINK1/CSTB/S100A1/UBXN1/IFI16/DTX3L/TLR3/PI16/GPER1/CLDN3/RET/SPINT1/SMPD1/SERPINB7/GREM1/NKX3-1/ADRB2/CST1/PKIA/HEG1/HRAS/UBE2C/PPM1E/CCNE2/SFN/DOK7/CHMP6/SVBP/TAF7/RGS7/TSPYL2/SPDYE16/NR2F2/IFIT1/PLSCR1/CLDN4/HMGB1/SERTAD1/SERPINA1/S100A10/PSMB8/HSPA1A/CARD16/SPDYE2/SPDYE18/SERPINB5/HMSD/GPX1/PSMB9/SPDYE6/UHRF1	118
GO:0048522	positive regulation of cellular process	457/1177	4983/14829	0.0917118201886414	1.15547543039708	3.9546556720845	5.12471802959151e-05	0.00468085314950008	0.004346915290815	CD99/ZMYND10/UPF1/CCDC124/NOX1/NFIX/IL32/RPS20/DPF1/PLAUR/ANLN/PPP5C/ALOX5/SNAI2/NCAPH2/VIM/CENPQ/RTN4R/TNC/DTNBP1/HDAC9/ARHGEF5/NNAT/TAB2/LAMC2/RASGRF1/DLX3/HMG20B/YBX1/SP100/ZFY/ROGDI/PITX1/PRKACA/LIMS2/MYDGF/PLXNA2/MCAM/TP73/SLC1A3/NDC80/PKP1/CADPS2/IL12RB2/DNAJA1/SRRT/PSMC5/OAS1/FUS/FXYD5/NLRC4/ESR1/EZR/CLSPN/BAMBI/BCL7C/RANBP1/BIK/TSPO/MYH9/RBX1/HDAC10/PLEK2/BDKRB1/MYBL2/PRPF6/EEF1A2/E2F1/SRPX/ABCD1/FMR1/TIMP1/SYTL4/MEDAG/TRADD/CORO1A/SMPD3/ESRP2/METRN/PYCARD/STX4/EHD4/IL7/KCNN4/SNRNP70/PPP1R13L/OAZ1/IL4I1/TLE5/MED25/SYDE1/CCNE1/PDCD5/CDC37/PLEKHA4/DNAJC2/LFNG/SSBP1/RARRES2/GLI3/TRIM14/ENG/EDF1/PDLIM1/SMARCD2/DHX58/COL1A1/NMU/EHD1/MDK/VWF/RAD51AP1/OAS3/RIPOR2/VNN1/HBEGF/PRLR/GNAI2/TUSC2/CSPG5/NCL/RPS15/DOK1/STAT1/IGFBP5/PDCL3/WNT6/ODC1/DLX2/PARK7/MAD2L2/UAP1/CD160/F3/IRF6/RPS6KA1/NENF/STK11/VAMP8/IFIT2/CD274/SMAD9/TNFRSF8/TRIM25/TNFSF10/HPCA/HNRNPA2B1/TWIST1/HOXC13/CDK2/HOXC11/NMI/G0S2/EXOSC9/RAB38/SDC4/DEK/IRF1/UPF3B/CEP250/BCL2L12/STAT5A/PIN1/YWHAH/APOL3/KRT17/PODXL/SOX15/SLC44A2/GADD45G/BST2/ATP5IF1/LRP3/CASZ1/HABP4/EPS8L1/IDO1/RFTN1/PSMC3IP/RAMP2/ZNF304/LGALS3/TRIM21/H3-3B/PLAAT4/RRAS2/LOXL2/CAMK1/PSRC1/VTCN1/NGF/IL15RA/ETS1/LMO2/CD63/HNRNPA1/WNT10A/LCP1/BIN1/KLF4/TLR4/ANP32B/CTSV/ENPP2/CCN3/MMP7/FXYD6/CASP1/THBS1/ITPKA/CYP1B1/CALHM2/SSB/COX17/MNS1/SEMA7A/HNRNPD/PDE5A/TRPC3/FRMD6/DNAJA4/ARRDC4/PML/CHST4/NLRC5/WRAP53/ANAPC11/SECTM1/CEP131/PMAIP1/RPL11/DMRTA2/PFDN2/CRABP2/ECM1/ACTA1/ATP6V1C2/DLX1/SLIT2/LYAR/TIFA/PDGFC/SAP18/BEND6/HSPB8/CAMK4/IFIT5/SLC25A27/ING1/TTN/RAET1L/TIAM1/HK1/SSBP3/GDPD5/NBL1/NPM2/PINK1/HK2/PCNT/PRMT2/ZDHHC12/LMNA/IER2/AP2M1/ITGA5/TNFSF13/GBP2/NLRP3/PEA15/FRZB/ACTG2/CTSS/LMOD1/ADORA1/IFI16/CDS1/DTX3L/MELTF/H2AZ1/HMGB2/TLR3/CITED2/SMAD5-AS1/CDCA7L/GPER1/CLDN3/RET/CASP7/E2F7/PSMC3/SPINT1/BRD7/PLEKHF1/SMPD1/SERPINB7/LEO1/B2M/KIF7/GREM1/PDIA3/NKX3-1/PBX3/PRRT2/DAPK3/HDGFL2/IGFBP6/FEN1/ING2/ATOH8/TNIP2/ROR2/ADRB2/PCBP1/AGPAT2/FAXDC2/LGALS9B/ZNF804A/STAT2/RPS9/SCAND1/CANT1/APLN/LPAR3/MAP6/PIK3CD/RRM2/ID4/COPS9/IL17D/MYD88/TRMT112/RHOD/DMRT2/CSPG4/HEG1/HOXB2/LARP7/HRAS/BTC/CHST2/UBE2C/PPM1E/CCNE2/LPL/SART1/FOSL1/SFN/BAIAP2/DOK7/SPHK1/METRNL/FAM89B/HIC1/CAVIN1/JUN/PNPLA2/FAM20C/TAF7/CALR/GATA2/CDH5/GPR137C/PHLDA2/IFNL1/CRIP2/RGS7/NKX2-5/HMCES/ZNF703/SCN5A/TBX1/ALDH1A3/CSF1/POU3F2/STING1/LRRC26/FAM110C/TMED9/SIVA1/SPDYE16/NR2F2/MYBL1/EVI2B/ATP6V0C/BTN3A2/TMPRSS6/GCNT1/PTMA/ISG15/PEAR1/LAMTOR4/C15orf62/PLSCR1/GTF2F2/H2AX/CLDN4/MAOA/HMGB1/PAX5/S100A4/MPHOSPH8/ZNF836/CASP4/SERTAD1/ACSL5/HNRNPAB/SLC2A10/DPP4/PDCD1LG2/S100A10/HMGN5/TFDP1/UBL5/CARD11/HOXC4/DLL1/GJC2/PRC1/MAP3K3/SOX18/MAFB/DAXX/TAP2/PRRT1/HSPA1B/HSPA1A/CARD16/MICB/HLA-C/ABCF1/HLA-E/HLA-F/CD177/SPDYE2/SPDYE18/HMGN1/KLRC2/HLA-A/GPSM3/CLIC1/HMSD/C4B/HOXB-AS3/GPX1/HLA-B/PDXP/NICOL1/FOXD1/SPDYE6/SCX/SPON1/TXNIP/USP27X/UHRF1/RAB7B/NOTCH2NLB	457
GO:0009201	ribonucleoside triphosphate biosynthetic process	22/1177	111/14829	0.198198198198198	2.49709522606719	4.64855416665028	5.14194205149478e-05	0.00468085314950008	0.004346915290815	NDUFB2/NDUFB7/ANTKMT/UCK1/ATP5IF1/NDUFA2/NDUFB10/NDUFS6/ATP5PF/PINK1/ATP5MG/NDUFS5/ATP6V0C/ND2/ND5/ND3/ND4/ND1/ATP6/UQCC3/ND4L/ATP8	22
GO:0034340	response to type I interferon	17/1177	74/14829	0.22972972972973	2.89436037566879	4.79667434308245	5.23384689459204e-05	0.00468766964607574	0.00435324549008597	SP100/OAS1/SAMHD1/CDC37/OAS3/STAT1/SHFL/NLRC5/IFITM3/SMPD1/STAT2/MYD88/STING1/IFIT1/ISG15/TREX1/USP27X	17
GO:0001836	release of cytochrome c from mitochondria	14/1177	54/14829	0.259259259259259	3.2664023411687	4.89893328961704	5.7895964605665e-05	0.00510311573738504	0.00473905314290982	GGCT/PLAUR/BIK/PYCARD/PPIF/IFI27L2/TNFSF10/IFI6/PMAIP1/PINK1/LMNA/GPER1/SFN/GPX1	14
GO:0002486	antigen processing and presentation of endogenous peptide antigen via MHC class I via ER pathway, TAP-independent	7/1177	15/14829	0.466666666666667	5.87952421410365	5.5516019181841	7.1027587854751e-05	0.00616275305245988	0.00572309462007278	RAET1L/MICB/HLA-C/HLA-E/HLA-F/HLA-A/HLA-B	7
GO:0051239	regulation of multicellular organismal process	249/1177	2524/14829	0.0986529318541997	1.24292636063375	3.93377839212364	7.27816200611778e-05	0.00621778978768801	0.00577420496647304	ENPP4/TMEM98/NOX1/IL32/CD9/PLAUR/ZBTB32/ALOX5/SNAI2/TYMP/RTN4R/GPM6B/HDAC9/HOMER3/SP100/PRKACA/MYDGF/PLXNA2/PAG1/RAP1GAP/TP73/KEAP1/PKP1/IL12RB2/SRRT/OAS1/DNAJB11/NLRC4/ESR1/EZR/BAMBI/BCL7C/TSPO/RBX1/MYL9/SNTA1/CST3/ABCD1/FMR1/TIMP1/TRADD/CORO1A/SMPD3/METRN/PYCARD/IL7/IL4I1/SYDE1/RPS19/LFNG/GLI3/ASPN/ENG/SMARCD2/DHX58/COL1A1/ALOX12/NMU/MDK/SH2B3/OAS3/ARHGDIB/BTN3A3/RIPOR2/VNN1/HBEGF/LOX/PRLR/TUSC2/STAT1/IGFBP5/PDCL3/WNT6/DLX2/PARK7/MAD2L2/UAP1/GBP1/CD160/F3/RPS6KA1/STK11/VAMP8/ELOVL3/CD274/NPPB/TNFRSF8/TWIST1/SRGN/HOXC11/NMI/G0S2/SDC4/IRF1/STAT5A/YWHAH/KRT17/SOX15/GADD45G/BST2/THEMIS2/IDO1/RFTN1/RAMP2/ZNF304/LGALS3/TRIM21/PLAAT4/LOXL2/VTCN1/IL15RA/ETS1/GLUL/CCM2/BIN1/KLF4/TLR4/ENPP2/CCN3/CASP1/THBS1/ITPKA/CYP1B1/CALHM2/HCN4/SEMA7A/PDE5A/TRPC3/ARRDC4/PML/SECTM1/DMRTA2/ILDR2/UFC1/CRABP2/ECM1/WNT9A/DLX1/HES6/SLIT2/PDGFC/LCN2/ADAM12/ADAMTS12/CAMK4/ING1/TIAM1/HK1/HK2/S100A1/LMNA/ITGA5/TNFSF13/NLRP3/FRZB/ADORA1/IFI16/HMGB2/ERAP1/TLR3/CITED2/PI16/TNFRSF11B/GPER1/AQP3/RET/SPINT1/BRD7/SERPINB7/LEO1/B2M/GREM1/NKX3-1/PBX3/VKORC1/DAPK3/ING2/ATOH8/TNIP2/ROR2/ADRB2/CLIC3/AGPAT2/FAXDC2/LGALS9B/APLN/LPAR3/MAP6/PIK3CD/ID4/IL17D/MYD88/DMRT2/HEG1/HRAS/LPL/SART1/SFN/BAIAP2/SPHK1/FAM20C/CALR/GATA2/CDH5/PHLDA2/IFNL1/NKX2-5/GJD3/HMCES/ZNF703/SCN5A/KCNJ12/CSF1/POU3F2/STING1/EVI2B/BTN3A2/ISG15/PEAR1/COL14A1/PLSCR1/HMGB1/HRH1/ANXA6/SLC2A10/DPP4/PDCD1LG2/S100A10/CARD11/DLL1/GJC2/MAFB/FKBPL/HSPA1B/HSPA1A/CARD16/HLA-E/HLA-F/KLRC2/HLA-A/DIO2/GPSM3/TREX1/HMSD/HLA-B/FOXD1/SCX/EPPK1/RAB7B	249
GO:0009206	purine ribonucleoside triphosphate biosynthetic process	21/1177	106/14829	0.19811320754717	2.4960244305157	4.53863066016047	7.60482294166664e-05	0.00632246687317746	0.00587141425909113	NDUFB2/NDUFB7/ANTKMT/ATP5IF1/NDUFA2/NDUFB10/NDUFS6/ATP5PF/PINK1/ATP5MG/NDUFS5/ATP6V0C/ND2/ND5/ND3/ND4/ND1/ATP6/UQCC3/ND4L/ATP8	21
GO:0030162	regulation of proteolysis	71/1177	567/14829	0.125220458553792	1.57765011036039	4.11810631459976	7.66190872474621e-05	0.00632246687317746	0.00587141425909113	TMEM98/PLAUR/TIMP2/PRKACA/KEAP1/PSMC5/NLRC4/PSME1/MYH9/RBX1/PSME2/CTSZ/CST3/CST4/WFDC2/FMR1/PCSK1N/TIMP1/PYCARD/PDCL3/PARK7/F3/TNFSF10/CDK2/SLPI/BCL2L12/IFI6/CDKN2D/DDA1/ATP5IF1/NGF/BIN1/ANP32B/CASP1/THBS1/PML/PMAIP1/RPL11/ECM1/PINK1/CSTB/UBXN1/IFI16/MELTF/RHOBTB3/PI16/GPER1/CLDN3/RET/PSMC3/SPINT1/SERPINB7/NKX3-1/CST1/AURKAIP1/SVBP/GAS1/CLDN4/HMGB1/SERPINA1/S100A10/PSMB8/HSPA1B/HSPA1A/CARD16/SERPINB5/HMSD/GPX1/PSMB9/SPON1/F8A1	71
GO:0034341	response to type II interferon	22/1177	114/14829	0.192982456140351	2.43138219380226	4.50463164162724	7.82728623524452e-05	0.00632246687317746	0.00587141425909113	VIM/SP100/STX4/CDC37/STAT1/GBP3/GBP1/IRF1/BST2/SHFL/TRIM21/TLR4/CASP1/NLRC5/IFITM3/ZYX/GBP2/GBP4/TLR3/DAPK3/RAB43/RAB7B	22
GO:0030334	regulation of cell migration	99/1177	856/14829	0.115654205607477	1.45712507642589	4.04537213870402	7.85611767061489e-05	0.00632246687317746	0.00587141425909113	CD99/CD9/SNAI2/TMSB10/TNC/HDAC9/LAMC2/SP100/STK10/PLXNA2/MCAM/SH3BP1/BDKRB1/TIMP1/TRADD/CORO1A/SMPD3/PYCARD/STX4/SYDE1/RARRES2/ENG/COL1A1/MDK/ARHGDIB/RIPOR2/HBEGF/GNAI2/IGFBP5/F3/STMN1/CD274/TWIST1/SDC4/STAT5A/PODXL/BST2/MPP1/ZNF304/LGALS3/RRAS2/ETS1/GLUL/KLF4/TLR4/ENPP2/CCN3/MMP7/THBS1/CYP1B1/SEMA7A/DNAJA4/CHST4/ECM1/ADAM15/SLIT2/PDGFC/ING1/ROBO4/TMSB4Y/TIAM1/NBL1/LMNA/ITGA5/NEXN/ADORA1/CITED2/GPER1/CLDN3/RET/GREM1/DAPK3/ING2/ATOH8/ROR2/PIK3CD/MYD88/RHOD/HRAS/CHST2/SPHK1/FAM89B/SVBP/CALR/GATA2/CDH5/PHLDA2/SPNS2/ZNF703/CSF1/FAM110C/NR2F2/KRT16/GCNT1/CLDN4/HMGB1/DPP4/GPSM3/EPPK1	99
GO:0009145	purine nucleoside triphosphate biosynthetic process	21/1177	107/14829	0.196261682242991	2.47269709938939	4.48903812539661	8.7665650984297e-05	0.00694817743388538	0.00645248585375463	NDUFB2/NDUFB7/ANTKMT/ATP5IF1/NDUFA2/NDUFB10/NDUFS6/ATP5PF/PINK1/ATP5MG/NDUFS5/ATP6V0C/ND2/ND5/ND3/ND4/ND1/ATP6/UQCC3/ND4L/ATP8	21
GO:0060759	regulation of response to cytokine stimulus	28/1177	164/14829	0.170731707317073	2.15104544418426	4.35215887577013	8.88385733487956e-05	0.00694817743388538	0.00645248585375463	OAS1/SAMHD1/PYCARD/IL7/TLE5/CDC37/SH2B3/OAS3/PXDN/KLF4/TLR4/CASP1/NLRC5/ECM1/SLIT2/TNFRSF11B/AGPAT2/STAT2/SPHK1/CSF1/STING1/ISG15/CASP4/HSPA1B/HSPA1A/CARD16/TREX1/USP27X	28
GO:0061436	establishment of skin barrier	10/1177	31/14829	0.32258064516129	4.06418724477211	5.01448130063859	9.01928469353041e-05	0.00695612331988533	0.00645986487041016	LSR/ALOX12/STMN1/KLF4/FLG/SFN/ALOXE3/KRT16/CLDN4/HRNR	10
GO:0008637	apoptotic mitochondrial changes	20/1177	100/14829	0.2	2.51979609175871	4.47744307006521	9.74019540921571e-05	0.00740921987772258	0.00688063695886774	GGCT/PLAUR/BIK/PYCARD/PPIF/IFI27L2/IFIT2/TNFSF10/IFI6/ATP5IF1/PMAIP1/PINK1/HK2/LMNA/PPM1K/GPER1/SFN/SIVA1/HSPA1A/GPX1	20
GO:0006954	inflammatory response	83/1177	695/14829	0.119424460431655	1.50462644328038	4.00093267704261	0.000102942763793152	0.00772488063977534	0.00717377809136065	NOX1/ALOX5/TNC/HDAC9/TAB2/NLRC4/ESR1/BDKRB1/ABCD1/TIMP1/TRADD/PYCARD/PPP1R13L/RPS19/RARRES2/TRIM14/MDK/MVK/VNN1/TUSC2/PARK7/GBP3/GBP1/F3/VAMP8/CCRL2/NMI/APOL3/APOL2/CDO1/THEMIS2/IDO1/TRIM21/ETS1/KLF4/TLR4/CCN3/CASP1/THBS1/UACA/CALHM2/SEMA7A/CHST4/COL6A1/IL22RA1/ECM1/ADAMTS12/CAMK4/HK1/ZDHHC12/GBP2/NLRP3/ADORA1/IFI16/HMGB2/TLR3/GPER1/TNIP2/PIK3CD/IL17D/MYD88/CHST2/LPL/FOSL1/SPHK1/METRNL/CDH5/CSF1/STING1/KRT16/PLSCR1/HMGB1/HRH1/CASP4/SERPINA1/CARD16/ABCF1/HLA-E/GPSM3/TREX1/C4B/GPX1/TXNIP	83
GO:0045766	positive regulation of angiogenesis	26/1177	149/14829	0.174496644295302	2.19847981160156	4.31710100212988	0.000108215185202958	0.00780692641598933	0.00724997062032504	MYDGF/ENG/MDK/PDCL3/F3/TWIST1/RAMP2/ZNF304/ETS1/KLF4/THBS1/CYP1B1/ECM1/ADAM12/HK2/S100A1/ITGA5/ERAP1/TLR3/GREM1/CLIC3/PIK3CD/SPHK1/GATA2/CDH5/DLL1	26
GO:2001236	regulation of extrinsic apoptotic signaling pathway	26/1177	149/14829	0.174496644295302	2.19847981160156	4.31710100212988	0.000108215185202958	0.00780692641598933	0.00724997062032504	SNAI2/SP100/SRPX/PYCARD/STX4/IL7/PARK7/TNFSF10/G0S2/IFI6/LGALS3/KLF4/TLR4/THBS1/PML/PMAIP1/LMNA/PEA15/HMGB2/GPER1/RET/PDIA3/ACSL5/HSPA1B/HSPA1A/GPX1	26
GO:0051336	regulation of hydrolase activity	66/1177	523/14829	0.126195028680688	1.58992870034488	4.03294816136587	0.000108253796872173	0.00780692641598933	0.00724997062032504	PLAUR/TIMP2/RTN4R/ARHGEF5/RASGRF1/RAP1GAP/OAS1/NLRC4/PSME1/TBC1D2/SH3BP1/PSME2/CST3/CST4/WFDC2/PCSK1N/TIMP1/PYCARD/SYDE1/ADAP1/OAS3/RIPOR2/F3/STMN1/TNFSF10/SLPI/BCL2L12/IFI6/PIN1/CDKN2D/ATP5IF1/NGF/BIN1/ANP32B/CASP1/THBS1/PMAIP1/EVI5L/ECM1/TIAM1/PINK1/CSTB/UBXN1/IFI16/PI16/GPER1/CLDN3/RET/SPINT1/SERPINB7/NKX3-1/CST1/HRAS/SVBP/RGS7/CLDN4/HMGB1/SERPINA1/S100A10/PSMB8/HSPA1A/CARD16/SERPINB5/HMSD/GPX1/PSMB9	66
GO:0031348	negative regulation of defense response	34/1177	220/14829	0.154545454545455	1.94711516181355	4.15561461710739	0.000130044652439855	0.00925817891023738	0.00859768896495075	ALOX5/OAS1/SAMHD1/PPP1R13L/RPS19/DHX58/MDK/MVK/OAS3/NMI/TRIM21/TRAFD1/KLF4/CCN3/UACA/NLRC5/IL22RA1/LYAR/NLRP3/ADORA1/IFI16/GPER1/STAT2/SFN/METRNL/CDH5/ISG15/MICB/HLA-E/HLA-F/HLA-A/TREX1/GPX1/HLA-B	34
GO:0006457	protein folding	32/1177	203/14829	0.157635467980296	1.98604618069652	4.15349670208294	0.000139418733236216	0.00979990159064186	0.00910076447867051	ZMYND10/DNAJA1/PDRG1/NUDC/DNAJB11/AHSA1/RP2/SNRNP70/PDCD5/TBCB/CDC37/DNAJC2/PPIF/PDCL3/QSOX1/NPPB/SDF2L1/DNAJB5/DNAJA4/PFDN2/B2M/PDIA3/TBCA/HSPA6/FKBP2/CALR/PFDN6/HSPA1B/HSPA1A/HSP90AB2P/DNLZ/HYPK	32
GO:0009650	UV protection	6/1177	12/14829	0.5	6.29949022939677	5.39232374664585	0.000150159810671527	0.0103865368577275	0.00964554845953485	SDF4/ERCC2/MFAP4/SCARA3/FEN1/GPX1	6
GO:1904018	positive regulation of vasculature development	26/1177	152/14829	0.171052631578947	2.15508876268837	4.20290802331109	0.000151505399869607	0.0103865368577275	0.00964554845953485	MYDGF/ENG/MDK/PDCL3/F3/TWIST1/RAMP2/ZNF304/ETS1/KLF4/THBS1/CYP1B1/ECM1/ADAM12/HK2/S100A1/ITGA5/ERAP1/TLR3/GREM1/CLIC3/PIK3CD/SPHK1/GATA2/CDH5/DLL1	26
GO:0022408	negative regulation of cell-cell adhesion	27/1177	161/14829	0.167701863354037	2.11287249930078	4.16873490003973	0.000160361769771497	0.0108596208236722	0.0100848820296606	CD9/PAG1/FXYD5/IL4I1/GLI3/ALOX12/MDK/SH2B3/RIPOR2/MAD2L2/CD274/SDC4/IRF1/STAT5A/PODXL/IDO1/LGALS3/VTCN1/KLF4/PDE5A/ILDR2/LGALS9B/IFNL1/ZNF703/HMGB1/PDCD1LG2/HLA-E	27
GO:0050792	regulation of viral process	26/1177	153/14829	0.169934640522876	2.14100321521982	4.16543260713039	0.000169033213309768	0.0113089329338451	0.0105021396576354	IL32/SP100/OAS1/FMR1/TRIM14/OAS3/STAT1/TRIM25/SLPI/ZNFX1/BST2/SHFL/TRIM21/IFITM3/IFIT5/LY6E/IFI16/SMPD1/FAM111A/LARP7/APOBEC3B/IFIT1/ISG15/PLSCR1/HMGB1/MPHOSPH8	26
GO:0008544	epidermis development	42/1177	297/14829	0.141414141414141	1.78167400427383	3.99551328892466	0.000175287631369172	0.0114136495456767	0.0105993856567375	LAMC2/DLX3/COL17A1/YBX1/KEAP1/PKP1/STS/TRADD/ERCC2/LSR/KRT32/ALOX12/IGFBP5/IRF6/STMN1/PPL/HOXC13/KRT17/KRT34/PLAAT4/WNT10A/KLF4/COL6A1/CRABP2/FLG/NSDHL/IVL/AQP3/SPINT1/AGPAT2/SFN/ALOXE3/POU3F2/KRT16/CLDN4/LAMB3/HRNR/TFDP1/DLL1/SOX18/MAFB/TXNIP	42
GO:0040011	locomotion	118/1177	1079/14829	0.109360518999073	1.37783104183284	3.78432467385693	0.000177952244916126	0.0114136495456767	0.0105993856567375	CD99/CD9/PLAUR/ALOX5/SNAI2/TYMP/TMSB10/TNC/HDAC9/ARHGEF5/LAMC2/SP100/ROGDI/STK10/PLXNA2/MCAM/SH3BP1/BDKRB1/PLP2/TIMP1/TRADD/CORO1A/SMPD3/PYCARD/STX4/SYDE1/RPS19/RARRES2/ENG/COL1A1/MDK/ARHGDIB/RIPOR2/HBEGF/LOX/GNAI2/IGFBP5/F3/STMN1/CD274/CCRL2/TWIST1/SDC4/STAT5A/PIN1/PODXL/ACKR4/BST2/MPP1/ZNF304/LGALS3/RRAS2/ETS1/GLUL/KLF4/TLR4/ENPP2/CCN3/MMP7/THBS1/CYP1B1/SEMA7A/DNAJA4/CHST4/COL6A1/TRPM2/ECM1/ADAM15/RAB13/SLIT2/PDGFC/ING1/ROBO4/TMSB4Y/TIAM1/NBL1/LMNA/ITGA5/NEXN/ADORA1/HMGB2/CITED2/GPER1/CLDN3/RET/GREM1/DAPK3/ING2/ATOH8/ROR2/PIK3CD/MYD88/RHOD/HRAS/CHST2/FOSL1/SPHK1/FAM89B/CAVIN1/SVBP/CALR/GATA2/CDH5/PHLDA2/SPNS2/ZNF703/CSF1/FAM110C/NR2F2/KRT16/GCNT1/CLDN4/HMGB1/S100A4/DPP4/CFAP45/GPSM3/EPPK1	118
GO:2000145	regulation of cell motility	102/1177	907/14829	0.112458654906284	1.41686439558648	3.80433727665152	0.000179147064050173	0.0114136495456767	0.0105993856567375	CD99/CD9/SNAI2/TMSB10/TNC/HDAC9/LAMC2/SP100/STK10/PLXNA2/MCAM/SH3BP1/BDKRB1/TIMP1/TRADD/CORO1A/SMPD3/PYCARD/STX4/SYDE1/RARRES2/ENG/COL1A1/MDK/ARHGDIB/RIPOR2/HBEGF/GNAI2/IGFBP5/F3/STMN1/CD274/TWIST1/SDC4/STAT5A/PIN1/PODXL/BST2/MPP1/ZNF304/LGALS3/RRAS2/ETS1/GLUL/KLF4/TLR4/ENPP2/CCN3/MMP7/THBS1/CYP1B1/SEMA7A/DNAJA4/CHST4/ECM1/ADAM15/SLIT2/PDGFC/ING1/ROBO4/TMSB4Y/TIAM1/NBL1/LMNA/ITGA5/NEXN/ADORA1/CITED2/GPER1/CLDN3/RET/GREM1/DAPK3/ING2/ATOH8/ROR2/PIK3CD/MYD88/RHOD/HRAS/CHST2/SPHK1/FAM89B/CAVIN1/SVBP/CALR/GATA2/CDH5/PHLDA2/SPNS2/ZNF703/CSF1/FAM110C/NR2F2/KRT16/GCNT1/CLDN4/HMGB1/DPP4/CFAP45/GPSM3/EPPK1	102
GO:0071345	cellular response to cytokine stimulus	84/1177	717/14829	0.117154811715481	1.47603118345698	3.83647239211147	0.000179164413873476	0.0114136495456767	0.0105993856567375	UPF1/VIM/ST3GAL6/YBX1/SP100/PRKACA/KEAP1/IL12RB2/OAS1/MYBL2/SAMHD1/PLP2/TRADD/CORO1A/SMPD3/PYCARD/STX4/IL7/CDC37/COL1A1/SH2B3/OAS3/RIPOR2/LOX/PRLR/NCL/DOK1/STAT1/GBP3/GBP1/F3/TRIM25/CCRL2/TUBA1B/MT2A/IRF1/STAT5A/ACKR4/PXDN/IL15RA/KLF4/TLR4/CASP1/THBS1/CYP1B1/PML/NLRC5/IFITM3/IL22RA1/ECM1/SLIT2/TIFA/ADAMTS12/HK2/ZYX/GBP2/GBP4/IFI16/TLR3/TNFRSF11B/GPER1/PDIA3/NKX3-1/DAPK3/TNIP2/AGPAT2/STAT2/RAB43/MYD88/FOSL1/SPHK1/IFNL1/IFNL2/CSF1/STING1/IFIT1/ISG15/CASP4/HSPA1B/HSPA1A/CARD16/TREX1/USP27X/RAB7B	84
GO:0009141	nucleoside triphosphate metabolic process	37/1177	251/14829	0.147410358565737	1.85722022699347	4.02171858616714	0.000180875411492806	0.0114136495456767	0.0105993856567375	PRKACA/NDUFB2/NDUFB7/TSPO/SAMHD1/ANTKMT/UCK1/ATP5IF1/NDUFA2/CMPK2/NDUFB10/PFKL/COL6A1/GUK1/NDUFS6/ATP5PF/HK1/PINK1/HK2/ATP5MG/DTYMK/NDUFS5/PGAM1/TYMS/ATP6V0C/ND2/ND5/ND3/ND4/ND1/ATP6/HSPA1B/HSPA1A/UQCC3/ND4L/TREX1/ATP8	37
GO:0016477	cell migration	142/1177	1348/14829	0.105341246290801	1.32719230352276	3.69928976889396	0.00021887578353289	0.0136563733253723	0.012682110745448	CD99/NOX1/CD9/PRSS3/ANLN/ALOX5/SNAI2/PLEKHO1/TMSB10/TNC/HDAC9/ARHGEF5/LAMC2/SP100/STK10/PLXNA2/MCAM/BAMBI/SH3BP1/TSPO/MYH9/BDKRB1/TIMP1/TRADD/CORO1A/SMPD3/PYCARD/STX4/SYDE1/RPS19/RARRES2/GLI3/ENG/PDLIM1/COL1A1/MDK/ARHGDIB/RIPOR2/HBEGF/LOX/GNAI2/USP9Y/IGFBP5/F3/STMN1/CD274/CCRL2/TWIST1/SDC4/STAT5A/PTPRB/PODXL/KNSTRN/ACKR4/BST2/MPP1/ZNF304/LGALS3/MATN2/RRAS2/LOXL2/ETS1/CD63/GLUL/LCP1/KLF4/TLR4/ARPC5L/ENPP2/CCN3/MMP7/THBS1/CYP1B1/SEMA7A/CDH24/DNAJA4/PML/CHST4/TRPM2/ECM1/ADAM15/RAB13/SLIT2/PDGFC/ADGRL3/ADAMTS12/ING1/ROBO4/TMSB4Y/TIAM1/NBL1/LMNA/ITGA5/ZG16B/NEXN/ARPC5/ADORA1/HMGB2/CITED2/GPER1/CLDN3/RET/GREM1/TUBA1A/DAPK3/IGFBP6/ING2/ATOH8/ROR2/PIK3CD/MYD88/RHOD/CSPG4/HRAS/CHST2/SPHK1/FAM89B/SVBP/CALR/GATA2/CDH5/PHLDA2/SPNS2/ZNF703/TBX1/CSF1/POU3F2/FAM110C/NR2F2/KRT16/GCNT1/NANOS1/CLDN4/HMGB1/S100A2/DPP4/SOX18/CD177/GPSM3/SH3D21/GPX1/EPPK1	142
GO:0071357	cellular response to type I interferon	15/1177	68/14829	0.220588235294118	2.77918686591034	4.31767063986635	0.000230313026394311	0.014210313728529	0.013196532354453	SP100/OAS1/SAMHD1/CDC37/OAS3/STAT1/NLRC5/IFITM3/STAT2/MYD88/STING1/IFIT1/ISG15/TREX1/USP27X	15
GO:0045861	negative regulation of proteolysis	35/1177	238/14829	0.147058823529412	1.85279124394023	3.89421623187152	0.000279783455140898	0.0168254540322494	0.0156251053113044	TMEM98/PLAUR/TIMP2/CTSZ/CST3/CST4/WFDC2/PCSK1N/TIMP1/PDCL3/PARK7/SLPI/BCL2L12/IFI6/CDKN2D/NGF/BIN1/THBS1/PML/RPL11/ECM1/CSTB/UBXN1/IFI16/PI16/SPINT1/SERPINB7/CST1/GAS1/SERPINA1/CARD16/SERPINB5/HMSD/GPX1/F8A1	35
GO:0072567	chemokine (C-X-C motif) ligand 2 production	7/1177	18/14829	0.388888888888889	4.89960351175304	4.86066728803029	0.000284061507036108	0.0168254540322494	0.0156251053113044	OAS1/OAS3/KLF4/TLR4/MYD88/LPL/HMGB1	7
GO:2000341	regulation of chemokine (C-X-C motif) ligand 2 production	7/1177	18/14829	0.388888888888889	4.89960351175304	4.86066728803029	0.000284061507036108	0.0168254540322494	0.0156251053113044	OAS1/OAS3/KLF4/TLR4/MYD88/LPL/HMGB1	7
GO:0071346	cellular response to type II interferon	18/1177	92/14829	0.195652173913043	2.46501791585091	4.13869753105938	0.000284817698366908	0.0168254540322494	0.0156251053113044	VIM/SP100/STX4/CDC37/STAT1/GBP3/GBP1/IRF1/TLR4/CASP1/NLRC5/ZYX/GBP2/GBP4/TLR3/DAPK3/RAB43/RAB7B	18
GO:0080134	regulation of response to stress	132/1177	1246/14829	0.105939004815409	1.33472345149338	3.6247552888352	0.000291653080845111	0.0170478900835042	0.015831672499282	ENPP4/CD9/DPF1/PLAUR/ALOX5/SNAI2/RTN4R/TNC/RAD51/KEAP1/DNAJA1/OAS1/FUS/NLRC4/ESR1/BCL7C/RBX1/HDAC10/SAMHD1/ABCD1/TRADD/PYCARD/PPP1R13L/YJU2/RPS19/CDC37/DNAJC2/SMARCD2/DHX58/ALOX12/MDK/MVK/RAD51AP1/SH2B3/OAS3/HBEGF/STAT1/PARK7/MAD2L2/GBP3/GBP1/CD160/F3/RPA2/VAMP8/CD274/TRIM25/TWIST1/NMI/ZNFX1/DEK/IRF1/BPIFB1/CDKN2D/IDO1/RFTN1/TRIM21/ETS1/TRAFD1/KLF4/TLR4/CCN3/CASP1/THBS1/UACA/CALHM2/SEMA7A/TRPC3/PML/NLRC5/WRAP53/PMAIP1/IL22RA1/MANF/LYAR/TIFA/ADAMTS12/PINK1/ZDHHC12/LMNA/SENP3/UBXN1/GBP2/NLRP3/CTSS/ADORA1/IFI16/DTX3L/HMGB2/ERAP1/TLR3/GPER1/CLDN3/BRD7/VKORC1/HDGFL2/IGFBP6/ING2/TNIP2/STAT2/MYD88/HRAS/LPL/FOSL1/SFN/SPHK1/METRNL/HIC1/TAF7/CDH5/STING1/ISG15/PLSCR1/H2AX/CLDN4/HMGB1/CASP4/HSPA1B/HSPA1A/CARD16/MICB/HLA-E/HLA-F/KLRC2/HLA-A/GPSM3/TREX1/GPX1/HLA-B/EPPK1/USP27X/RAB7B	132
GO:1902600	proton transmembrane transport	28/1177	176/14829	0.159090909090909	2.00438325480806	3.9357173643692	0.00030410311705383	0.0175904646770825	0.016335539149635	NDUFB2/NDUFB7/ATP6V0A4/PPIF/PARK7/NDUFA2/COX17/NDUFB10/ATP6V1C2/NDUFS6/SLC25A27/ATP5PF/ATP5MG/NDUFS5/STING1/ATP6V0C/SLC2A10/COX2/CYTB/ND2/ND5/ND3/ND4/ND1/ATP6/ND4L/ATP8/MTCO2P12	28
GO:0007162	negative regulation of cell adhesion	36/1177	249/14829	0.144578313253012	1.82153934344003	3.83866893787969	0.000322429857486997	0.0183319264710568	0.0170241041412811	CD9/SNAI2/TNC/PLXNA2/PAG1/FXYD5/IL4I1/GLI3/COL1A1/ALOX12/MDK/SH2B3/RIPOR2/MAD2L2/GBP1/CD274/SDC4/IRF1/STAT5A/PODXL/IDO1/LGALS3/VTCN1/KLF4/THBS1/CYP1B1/PDE5A/ILDR2/ADAM15/MELTF/LGALS9B/IFNL1/ZNF703/HMGB1/PDCD1LG2/HLA-E	36
GO:0022904	respiratory electron transport chain	21/1177	117/14829	0.179487179487179	2.26135546696294	4.02185072153321	0.000323524003991278	0.0183319264710568	0.0170241041412811	NDUFB2/NDUFB7/PARK7/DNAJC15/NDUFA2/NDUFB10/NDUFS6/PINK1/UQCRQ/NDUFS5/COX2/CYTB/ND2/ND5/ND3/ND4/ND1/UQCC3/ND4L/MTCO2P12/SCO2	21
GO:0051098	regulation of binding	31/1177	204/14829	0.151960784313725	1.91455095207157	3.86194809771238	0.000342398606463939	0.0192054491080228	0.0178353085918856	IL32/PLAUR/SP100/BAMBI/E2F1/TLE5/MED25/EDF1/RIPOR2/MAD2L2/STMN1/IFIT2/TWIST1/SLPI/PIN1/HABP4/TRIM21/CAMK1/NGF/RPL11/ADAM15/TIAM1/IFI16/DTX3L/B2M/JUN/STING1/SUMO3/IFIT1/HMGB1/CARD16	31
GO:0098773	skin epidermis development	21/1177	118/14829	0.177966101694915	2.2421914375819	3.97777136943292	0.000364729778832611	0.0202534446185749	0.0188085388052733	DLX3/TRADD/ERCC2/LSR/ALOX12/IGFBP5/STMN1/HOXC13/KRT17/WNT10A/KLF4/COL6A1/FLG/NSDHL/SFN/ALOXE3/KRT16/CLDN4/HRNR/DLL1/SOX18	21
GO:0045088	regulation of innate immune response	51/1177	395/14829	0.129113924050633	1.62670380607208	3.70679791337794	0.000371625619752515	0.0204320501632249	0.0189744024092503	OAS1/NLRC4/ESR1/SAMHD1/PYCARD/RPS19/CDC37/DHX58/OAS3/CD160/CD274/TRIM25/NMI/ZNFX1/IRF1/BPIFB1/RFTN1/TRIM21/TRAFD1/TLR4/CASP1/NLRC5/LYAR/TIFA/ZDHHC12/GBP2/NLRP3/CTSS/IFI16/HMGB2/ERAP1/TLR3/TNIP2/STAT2/MYD88/FOSL1/SFN/STING1/ISG15/PLSCR1/HMGB1/HSPA1B/HSPA1A/HLA-E/HLA-F/KLRC2/HLA-A/TREX1/HLA-B/USP27X/RAB7B	51
GO:0002684	positive regulation of immune system process	101/1177	916/14829	0.110262008733624	1.38918889338226	3.57050102844416	0.000393332970379826	0.0214135096521487	0.0198858433631658	CD99/OAS1/NLRC4/ESR1/EZR/BDKRB1/CORO1A/PYCARD/STX4/IL7/KCNN4/IL4I1/RPS19/RARRES2/GLI3/SMARCD2/DHX58/MDK/OAS3/BTN3A3/RIPOR2/VNN1/PRLR/PARK7/MAD2L2/GBP1/CD160/STK11/VAMP8/CD274/TRIM25/NMI/ZNFX1/IRF1/BPIFB1/THEMIS2/IDO1/RFTN1/LGALS3/VTCN1/IL15RA/TLR4/CASP1/THBS1/SEMA7A/NLRC5/SECTM1/TIFA/RAET1L/HK1/ZDHHC12/TNFSF13/GBP2/NLRP3/FCMR/CTSS/IFI16/HMGB2/TLR3/AQP3/BRD7/B2M/TNIP2/ROR2/PIK3CD/MYD88/HRAS/SART1/FOSL1/CALR/GATA2/IFNL1/HMCES/IFNL2/CSF1/STING1/EVI2B/BTN3A2/PLSCR1/HMGB1/DPP4/PDCD1LG2/CFD/CARD11/TAP2/HSPA1B/HSPA1A/MICB/HLA-C/HLA-E/HLA-F/CD177/KLRC2/HLA-A/GPSM3/TREX1/HMSD/C4B/HLA-B/USP27X/RAB7B	101
GO:0009617	response to bacterium	64/1177	527/14829	0.121442125237192	1.53004696273774	3.63791586931365	0.000400423543774354	0.0215878828988251	0.0200477766065463	UPF1/VIM/TAB2/IL12RB2/OAS1/NLRC4/TSPO/BDKRB1/E2F1/WFDC2/PYCARD/RPS19/RARRES2/DHX58/OAS3/PRLR/TUSC2/GBP3/GBP1/CD160/CD274/SLPI/ZNFX1/IDO1/CMPK2/BIN1/TLR4/MMP7/CASP1/HERC6/NLRC5/COL6A1/IL22RA1/LCN2/GBP2/GBP4/NLRP3/HMGB2/ERAP1/TLR3/CLDN3/CASP7/B2M/GPX4/TNIP2/MYD88/CNP/PPM1E/LPL/SELENOW/ISG15/HMGB1/CASP4/PDCD1LG2/CFD/TAP2/CARD16/HLA-E/HLA-A/DIO2/C4B/GPX1/HLA-B/H2BC8	64
GO:0051346	negative regulation of hydrolase activity	29/1177	188/14829	0.154255319148936	1.94345975162241	3.82250720189519	0.000407148375662985	0.0217393743274669	0.0201884604491191	PLAUR/TIMP2/CST3/CST4/WFDC2/PCSK1N/TIMP1/SLPI/BCL2L12/IFI6/CDKN2D/ATP5IF1/NGF/BIN1/THBS1/ECM1/CSTB/UBXN1/IFI16/PI16/SPINT1/SERPINB7/CST1/HRAS/SERPINA1/CARD16/SERPINB5/HMSD/GPX1	29
GO:0001959	regulation of cytokine-mediated signaling pathway	25/1177	153/14829	0.163398692810458	2.05865693771136	3.86481306037176	0.000415009928716807	0.0219480965158517	0.0203822921381818	OAS1/SAMHD1/PYCARD/IL7/CDC37/SH2B3/OAS3/PXDN/CASP1/NLRC5/ECM1/SLIT2/TNFRSF11B/AGPAT2/STAT2/SPHK1/CSF1/STING1/ISG15/CASP4/HSPA1B/HSPA1A/CARD16/TREX1/USP27X	25
GO:0042742	defense response to bacterium	31/1177	207/14829	0.14975845410628	1.88680383682415	3.77259970714834	0.00044325622503724	0.022944416329773	0.021307533263112	TAB2/OAS1/NLRC4/WFDC2/PYCARD/RPS19/RARRES2/OAS3/TUSC2/GBP3/GBP1/CD160/SLPI/ZNFX1/TLR4/MMP7/CASP1/IL22RA1/LCN2/GBP2/GBP4/HMGB2/TLR3/CASP7/B2M/MYD88/ISG15/CASP4/HLA-E/HLA-A/H2BC8	31
GO:0009060	aerobic respiration	29/1177	189/14829	0.153439153439153	1.93317689579372	3.79101691095016	0.000445353626025055	0.022944416329773	0.021307533263112	NDUFB2/NDUFB7/ABCD1/ANTKMT/PPIF/PARK7/DNAJC15/ATP5IF1/NDUFA2/NDUFB10/COL6A1/NDUFS6/ATP5PF/PINK1/UQCRQ/ATP5MG/NDUFS5/COX2/CYTB/ND2/ND5/ND3/ND4/ND1/ATP6/UQCC3/ND4L/ATP8/MTCO2P12	29
GO:0045229	external encapsulating structure organization	40/1177	291/14829	0.13745704467354	1.73181861976544	3.70193677864813	0.000446244726024759	0.022944416329773	0.021307533263112	NOX1/GPM6B/COL17A1/COL9A3/CST3/SMPD3/CRISPLD2/ERCC2/AEBP1/ENG/COL1A1/LOX/QSOX1/MAD2L2/PXDN/RAMP2/MATN2/LOXL2/LCP1/CTSV/MMP7/CYP1B1/COL6A1/ADAM15/ADAMTS12/MMP16/CTSS/MELTF/COL1A2/TNFRSF11B/SPINT1/MFAP4/GREM1/TMPRSS6/COL14A1/SLC2A10/DPP4/HRNR/SERPINB5/SCX	40
GO:0046034	ATP metabolic process	31/1177	208/14829	0.149038461538462	1.87773266453173	3.74314602645073	0.000482280178798672	0.0245580543482083	0.0228060523475926	PRKACA/NDUFB2/NDUFB7/TSPO/ANTKMT/ATP5IF1/NDUFA2/NDUFB10/PFKL/COL6A1/NDUFS6/ATP5PF/HK1/PINK1/HK2/ATP5MG/NDUFS5/PGAM1/ATP6V0C/ND2/ND5/ND3/ND4/ND1/ATP6/HSPA1B/HSPA1A/UQCC3/ND4L/TREX1/ATP8	31
GO:0050868	negative regulation of T cell activation	19/1177	104/14829	0.182692307692308	2.30173681458728	3.91150226061112	0.000486473253791269	0.0245580543482083	0.0228060523475926	PAG1/IL4I1/GLI3/MDK/RIPOR2/CD274/SDC4/IRF1/STAT5A/IDO1/LGALS3/VTCN1/PDE5A/ILDR2/LGALS9B/IFNL1/HMGB1/PDCD1LG2/HLA-E	19
GO:0070613	regulation of protein processing	13/1177	58/14829	0.224137931034483	2.82390941317786	4.08642650749991	0.000502725117666882	0.0251498430486864	0.0233556221095311	TMEM98/PLAUR/PRKACA/NLRC4/MYH9/CTSZ/BCL2L12/THBS1/MELTF/GAS1/S100A10/CARD16/SPON1	13
GO:0000278	mitotic cell cycle	96/1177	869/14829	0.110471806674338	1.39183213353761	3.49541389492937	0.000512884405199492	0.0254289919827927	0.0236148562130856	CDK11A/DPF1/ANLN/PPP5C/TACC3/NCAPH2/RAD51/SMC1A/GTSE1/TUBA3D/TP73/NDC80/NUDC/KIF4A/PSME1/CLSPN/BCL7C/RANBP1/PSME2/MYBL2/E2F1/CHMP4B/SMPD3/TUBB4A/ERCC2/CCNE1/LIG1/SMARCD2/ANAPC15/RIPOR2/MCM3/KIF20A/IK/MAD2L2/STMN1/RPA2/ZWINT/CDKN2C/CDK2/TUBA1B/SEPTIN6/CEP250/PIN1/KNSTRN/CDKN2D/CCNA1/PSRC1/KLF4/TUBB2A/CEP55/PML/ANAPC11/CETN2/BTG3/TTN/NPM2/DONSON/PCNT/PRMT2/E2F7/BRD7/NKX3-1/TUBA1A/TUBA1C/DAPK3/TK1/PKIA/RRM2/ID4/SLFN11/BTC/UBE2C/CCNE2/AURKAIP1/TUBB6/CHMP6/SPHK1/CDC26/RRS1/GAS1/FBXL7/MYBL1/TUBB4B/TUBB/TFDP1/GJC2/PRC1/CENPW/HSPA1B/HSPA1A/TREX1/KIFC1/PDXP/CDK11B/TUBB3/UHRF1	96
GO:0050777	negative regulation of immune response	26/1177	164/14829	0.158536585365854	1.99739934102824	3.77121547778652	0.000518847152243657	0.0254969755434427	0.0236779897423537	OAS1/SAMHD1/IL4I1/RPS19/DHX58/OAS3/CD160/CD274/NMI/STAT5A/LGALS3/TRIM21/TRAFD1/NLRC5/LYAR/IFI16/STAT2/SFN/IFNL1/ISG15/HLA-E/HLA-F/HLA-A/TREX1/GPX1/HLA-B	26
GO:0043588	skin development	35/1177	246/14829	0.142276422764228	1.79253787015355	3.68040421496504	0.000524775507394717	0.0255620911628321	0.0237384599328413	DLX3/PKP1/TRADD/ERCC2/LSR/COL1A1/ALOX12/IGFBP5/DHCR24/IRF6/STMN1/PPL/HOXC13/KRT17/PLAAT4/WNT10A/KLF4/COL6A1/FLG/NSDHL/IVL/COL1A2/AQP3/MYD88/SFN/ALOXE3/KRT16/GJB3/CLDN4/SLC2A10/HRNR/DLL1/SOX18/MAFB/TXNIP	35
GO:0044092	negative regulation of molecular function	73/1177	626/14829	0.116613418530351	1.46921018129701	3.52205335383802	0.000536342255839755	0.0256763561148632	0.0238445730817319	PLAUR/TIMP2/SP100/DNAJA1/ESR1/CBARP/E2F1/CST3/CST4/WFDC2/FMR1/PCSK1N/TIMP1/PYCARD/TLE5/ENG/PPIF/RIPOR2/GNAI2/MAD2L2/STMN1/CNRIP1/IFIT2/SLPI/BCL2L12/IFI6/PIN1/CDKN2D/ATP5IF1/HABP4/TRIM21/CAMK1/NGF/BIN1/THBS1/CYP1B1/NLRC5/NOSIP/RPL11/ECM1/ADAM15/HES6/CSTB/PRMT2/UBXN1/IFI16/DTX3L/PI16/SPINT1/SMPD1/SERPINB7/RRAD/B2M/KCNAB1/CST1/PKIA/HEG1/HRAS/PPM1E/SFN/CHMP6/JUN/PARP10/TAF7/SUMO3/SIVA1/NR2F2/IFIT1/SERPINA1/CARD16/SERPINB5/HMSD/GPX1	73
GO:1903038	negative regulation of leukocyte cell-cell adhesion	20/1177	113/14829	0.176991150442478	2.22990804580417	3.8534378159594	0.000536369045439245	0.0256763561148632	0.0238445730817319	PAG1/IL4I1/GLI3/MDK/RIPOR2/CD274/SDC4/IRF1/STAT5A/IDO1/LGALS3/VTCN1/KLF4/PDE5A/ILDR2/LGALS9B/IFNL1/HMGB1/PDCD1LG2/HLA-E	20
GO:1903900	regulation of viral life cycle	22/1177	130/14829	0.169230769230769	2.13213515456506	3.80677700809774	0.000551246765013747	0.025964724486201	0.0241123688964522	IL32/OAS1/FMR1/OAS3/TRIM25/SLPI/ZNFX1/BST2/SHFL/TRIM21/IFITM3/IFIT5/LY6E/IFI16/SMPD1/FAM111A/APOBEC3B/IFIT1/ISG15/PLSCR1/HMGB1/MPHOSPH8	22
GO:0050727	regulation of inflammatory response	43/1177	323/14829	0.13312693498452	1.67726365240905	3.61340443516164	0.000551744550580177	0.025964724486201	0.0241123688964522	ALOX5/TNC/NLRC4/ESR1/TRADD/PYCARD/PPP1R13L/RPS19/MDK/MVK/PARK7/GBP3/GBP1/VAMP8/NMI/IDO1/ETS1/KLF4/TLR4/CCN3/CASP1/UACA/CALHM2/SEMA7A/IL22RA1/ADAMTS12/GBP2/NLRP3/ADORA1/TLR3/GPER1/MYD88/LPL/SPHK1/METRNL/CDH5/STING1/CASP4/CARD16/HLA-E/GPSM3/TREX1/GPX1	43
GO:0045597	positive regulation of cell differentiation	86/1177	765/14829	0.112418300653595	1.41635597314542	3.47194205611554	0.000580391893740225	0.027083329293609	0.0251511710520421	DPF1/SNAI2/HMG20B/PLXNA2/TP73/PKP1/SRRT/BAMBI/TSPO/FMR1/MEDAG/METRN/IL7/PPP1R13L/IL4I1/RARRES2/GLI3/ENG/SMARCD2/COL1A1/MDK/RIPOR2/VNN1/STAT1/DLX2/MAD2L2/RPS6KA1/STK11/TWIST1/UPF3B/LRP3/RAMP2/PLAAT4/LOXL2/CAMK1/NGF/IL15RA/ETS1/BIN1/CCN3/ITPKA/SEMA7A/PDE5A/DMRTA2/CRABP2/DLX1/SLIT2/BEND6/TIAM1/GDPD5/NBL1/NLRP3/FRZB/CDS1/HMGB2/GPER1/RET/SPINT1/BRD7/ATOH8/ROR2/FAXDC2/LPAR3/MAP6/ID4/BTC/LPL/SART1/SFN/BAIAP2/METRNL/FAM20C/GATA2/CDH5/NKX2-5/ZNF703/TBX1/CSF1/EVI2B/ISG15/HMGB1/GJC2/HSPA1B/HSPA1A/CLIC1/RAB7B	86
GO:0060337	type I interferon-mediated signaling pathway	14/1177	67/14829	0.208955223880597	2.63262278243447	3.93262045418106	0.000660846638684577	0.0305806782051288	0.0283990147624188	SP100/OAS1/SAMHD1/CDC37/OAS3/STAT1/NLRC5/IFITM3/STAT2/MYD88/STING1/ISG15/TREX1/USP27X	14
GO:0040012	regulation of locomotion	102/1177	943/14829	0.108165429480382	1.36277413234034	3.38014210014747	0.00072053537975099	0.033061566297287	0.0307029132266881	CD99/CD9/SNAI2/TMSB10/TNC/HDAC9/LAMC2/SP100/STK10/PLXNA2/MCAM/SH3BP1/BDKRB1/TIMP1/TRADD/CORO1A/SMPD3/PYCARD/STX4/SYDE1/RARRES2/ENG/COL1A1/MDK/ARHGDIB/RIPOR2/HBEGF/GNAI2/IGFBP5/F3/STMN1/CD274/TWIST1/SDC4/STAT5A/PIN1/PODXL/BST2/MPP1/ZNF304/LGALS3/RRAS2/ETS1/GLUL/KLF4/TLR4/ENPP2/CCN3/MMP7/THBS1/CYP1B1/SEMA7A/DNAJA4/CHST4/ECM1/ADAM15/SLIT2/PDGFC/ING1/ROBO4/TMSB4Y/TIAM1/NBL1/LMNA/ITGA5/NEXN/ADORA1/CITED2/GPER1/CLDN3/RET/GREM1/DAPK3/ING2/ATOH8/ROR2/PIK3CD/MYD88/RHOD/HRAS/CHST2/SPHK1/FAM89B/CAVIN1/SVBP/CALR/GATA2/CDH5/PHLDA2/SPNS2/ZNF703/CSF1/FAM110C/NR2F2/KRT16/GCNT1/CLDN4/HMGB1/DPP4/CFAP45/GPSM3/EPPK1	102
GO:0140888	interferon-mediated signaling pathway	17/1177	91/14829	0.186813186813187	2.35365569010429	3.80312862207279	0.000726366124305602	0.033061566297287	0.0307029132266881	SP100/OAS1/SAMHD1/CDC37/OAS3/STAT1/IRF1/NLRC5/IFITM3/STAT2/MYD88/IFNL1/IFNL2/STING1/ISG15/TREX1/USP27X	17
GO:2001238	positive regulation of extrinsic apoptotic signaling pathway	12/1177	53/14829	0.226415094339623	2.8525993491608	3.96709299384961	0.000743226787272718	0.0335539703229708	0.0311601885395725	SRPX/PYCARD/TNFSF10/G0S2/TLR4/THBS1/PML/PMAIP1/PEA15/GPER1/RET/PDIA3	12
GO:0030198	extracellular matrix organization	39/1177	289/14829	0.134948096885813	1.70020843561574	3.52959956265055	0.000751337062037081	0.0336465702055799	0.0312461822319156	NOX1/GPM6B/COL17A1/COL9A3/CST3/SMPD3/CRISPLD2/ERCC2/AEBP1/ENG/COL1A1/LOX/QSOX1/MAD2L2/PXDN/RAMP2/MATN2/LOXL2/LCP1/CTSV/MMP7/CYP1B1/COL6A1/ADAM15/ADAMTS12/MMP16/CTSS/MELTF/COL1A2/TNFRSF11B/SPINT1/MFAP4/GREM1/TMPRSS6/COL14A1/SLC2A10/DPP4/SERPINB5/SCX	39
GO:0043062	extracellular structure organization	39/1177	290/14829	0.13448275862069	1.69434564790672	3.50621730354612	0.000803455092078651	0.0350882544951342	0.032585014979416	NOX1/GPM6B/COL17A1/COL9A3/CST3/SMPD3/CRISPLD2/ERCC2/AEBP1/ENG/COL1A1/LOX/QSOX1/MAD2L2/PXDN/RAMP2/MATN2/LOXL2/LCP1/CTSV/MMP7/CYP1B1/COL6A1/ADAM15/ADAMTS12/MMP16/CTSS/MELTF/COL1A2/TNFRSF11B/SPINT1/MFAP4/GREM1/TMPRSS6/COL14A1/SLC2A10/DPP4/SERPINB5/SCX	39
GO:0050729	positive regulation of inflammatory response	21/1177	125/14829	0.168	2.11662871707732	3.68109844816394	0.000804235308171366	0.0350882544951342	0.032585014979416	NLRC4/TRADD/PYCARD/RPS19/MDK/PARK7/GBP3/GBP1/VAMP8/NMI/IDO1/ETS1/TLR4/CASP1/GBP2/NLRP3/TLR3/LPL/CASP4/HLA-E/GPSM3	21
GO:0002685	regulation of leukocyte migration	29/1177	196/14829	0.147959183673469	1.86413486380109	3.57580853719248	0.000813217343895654	0.0350882544951342	0.032585014979416	CD99/CD9/STK10/BDKRB1/CORO1A/SMPD3/PYCARD/RARRES2/MDK/RIPOR2/MPP1/LGALS3/CCN3/THBS1/CHST4/ECM1/SLIT2/NBL1/ADORA1/GREM1/MYD88/CHST2/CALR/SPNS2/CSF1/GCNT1/HMGB1/DPP4/GPSM3	29
GO:0001916	positive regulation of T cell mediated cytotoxicity	9/1177	33/14829	0.272727272727273	3.43608557967097	4.11347374707171	0.000815124226521215	0.0350882544951342	0.032585014979416	RAET1L/B2M/TAP2/MICB/HLA-C/HLA-E/HLA-F/HLA-A/HLA-B	9
GO:0070269	pyroptotic inflammatory response	9/1177	33/14829	0.272727272727273	3.43608557967097	4.11347374707171	0.000815124226521215	0.0350882544951342	0.032585014979416	NLRC4/PYCARD/GBP3/GBP1/TRIM21/CASP1/GBP2/NLRP3/CASP4	9
GO:0050778	positive regulation of immune response	73/1177	636/14829	0.114779874213836	1.44610939228291	3.37648017115638	0.000839451825089706	0.0356097381860833	0.0330692953782445	OAS1/NLRC4/ESR1/EZR/PYCARD/STX4/KCNN4/RPS19/DHX58/OAS3/BTN3A3/PARK7/MAD2L2/GBP1/CD160/STK11/CD274/TRIM25/NMI/ZNFX1/IRF1/BPIFB1/THEMIS2/IDO1/RFTN1/LGALS3/VTCN1/TLR4/CASP1/NLRC5/SECTM1/TIFA/RAET1L/ZDHHC12/TNFSF13/GBP2/NLRP3/FCMR/CTSS/IFI16/HMGB2/TLR3/B2M/TNIP2/PIK3CD/MYD88/HRAS/FOSL1/IFNL1/HMCES/IFNL2/STING1/BTN3A2/PLSCR1/HMGB1/CFD/CARD11/TAP2/HSPA1B/HSPA1A/MICB/HLA-C/HLA-E/HLA-F/CD177/KLRC2/HLA-A/TREX1/HMSD/C4B/HLA-B/USP27X/RAB7B	73
GO:0090200	positive regulation of release of cytochrome c from mitochondria	7/1177	21/14829	0.333333333333333	4.19966015293118	4.30820814669394	0.000840064055893555	0.0356097381860833	0.0330692953782445	PLAUR/BIK/PYCARD/TNFSF10/PMAIP1/PINK1/GPER1	7
GO:0007049	cell cycle	157/1177	1562/14829	0.100512163892446	1.26635078875198	3.26767998274593	0.00088363800845868	0.0368166688843305	0.0341901221462718	UPF1/CDK11A/DPF1/ANLN/PPP5C/TACC3/NCAPH2/CENPQ/RAD51/RASSF1/PRKACA/SMC1A/GTSE1/TUBA3D/TP73/NDC80/NUDC/KIF4A/PSME1/EZR/CLSPN/BCL7C/RANBP1/CENPM/MYH9/PSME2/MYBL2/E2F1/CHMP4B/SMPD3/TUBB4A/ERCC2/CCNE1/CDC37/LIG1/LFNG/SMARCD2/ANAPC15/RAD51AP1/RIPOR2/MCM3/KIF20A/IK/MAD2L2/STMN1/RPA2/STK11/ZWINT/CDKN2C/CDK2/TUBA1B/IRF1/SEPTIN6/CEP250/PIN1/KNSTRN/SOX15/CDKN2D/GADD45G/HAUS8/PSMC3IP/BRME1/TRIM21/CCNA1/PSRC1/ETS1/BIN1/C9orf78/KLF4/TUBB2A/CEP55/MNS1/PML/ANAPC11/CEP131/CETN2/DSN1/CABLES2/CENPU/BTG3/TTN/NPM2/MIS18A/DONSON/PCNT/PRMT2/LMNA/SYCE2/KLHL21/DTX3L/CITED2/PTTG1/GPER1/E2F7/BRD7/NKX3-1/TUBA1A/TUBA1C/DAPK3/TK1/SAC3D1/FEN1/ING2/CENPX/PKIA/RRM2/ID4/SLFN11/HRAS/BTC/UBE2C/CENPS/CCNE2/FOSL1/AURKAIP1/SFN/TUBB6/CHMP6/SPHK1/CDC26/CNTD1/JUN/RRS1/CALR/GAS1/HOXC9/FBXL7/ZNF703/TSPYL2/SPDYE16/NR2F2/MYBL1/EVI2B/TUBB4B/PLSCR1/H2AX/SYCP2/TUBB/SERTAD1/TFDP1/CCDC69/GJC2/PRC1/CENPW/HSPA1B/HSPA1A/SPDYE2/SPDYE18/HAUS7/TREX1/KIFC1/PDXP/CDK11B/TUBB3/SPDYE6/CCNQ/UHRF1	157
GO:0002456	T cell mediated immunity	19/1177	109/14829	0.174311926605505	2.19615255703741	3.68024979579952	0.000885932017383575	0.0368166688843305	0.0341901221462718	KDM5D/IL4I1/BTN3A3/CD274/RFTN1/SECTM1/RAET1L/NLRP3/B2M/BTN3A2/HMGB1/TAP2/MICB/HLA-C/HLA-E/HLA-F/HLA-A/TREX1/HLA-B	19
GO:0090199	regulation of release of cytochrome c from mitochondria	10/1177	40/14829	0.25	3.14974511469839	3.99741227905695	0.000893757118553044	0.0368166688843305	0.0341901221462718	PLAUR/BIK/PYCARD/PPIF/TNFSF10/PMAIP1/PINK1/LMNA/GPER1/GPX1	10
GO:0010557	positive regulation of macromolecule biosynthetic process	220/1177	2288/14829	0.0961538461538462	1.21144042873015	3.22909882923506	0.000906572369180471	0.0368166688843305	0.0341901221462718	UPF1/CCDC124/NOX1/NFIX/IL32/VIM/TNC/DTNBP1/DLX3/YBX1/SP100/ZFY/PITX1/MYDGF/TP73/PKP1/IL12RB2/PSMC5/OAS1/FUS/NLRC4/ESR1/EZR/BAMBI/MYH9/MYBL2/PRPF6/E2F1/FMR1/PYCARD/STX4/IL7/SNRNP70/IL4I1/MED25/PDCD5/DNAJC2/GLI3/TRIM14/ENG/EDF1/PDLIM1/SMARCD2/DHX58/COL1A1/MDK/OAS3/TUSC2/NCL/STAT1/PDCL3/WNT6/DLX2/PARK7/MAD2L2/UAP1/CD160/F3/IRF6/RPS6KA1/CD274/SMAD9/TNFRSF8/TRIM25/TWIST1/HOXC13/CDK2/HOXC11/EXOSC9/DEK/IRF1/UPF3B/BCL2L12/STAT5A/PIN1/YWHAH/KRT17/SOX15/LRP3/CASZ1/HABP4/IDO1/RFTN1/PSMC3IP/RAMP2/ZNF304/TRIM21/CAMK1/PSRC1/VTCN1/NGF/ETS1/LMO2/HNRNPA1/WNT10A/KLF4/TLR4/CASP1/THBS1/CYP1B1/SSB/SEMA7A/HNRNPD/DNAJA4/ARRDC4/PML/NLRC5/WRAP53/SECTM1/RPL11/ACTA1/DLX1/LYAR/CAMK4/ING1/TTN/HK1/SSBP3/PINK1/PRMT2/LMNA/IER2/TNFSF13/NLRP3/ACTG2/IFI16/DTX3L/MELTF/H2AZ1/HMGB2/TLR3/CITED2/GPER1/CLDN3/RET/E2F7/PSMC3/BRD7/SERPINB7/LEO1/B2M/GREM1/NKX3-1/PBX3/ING2/ATOH8/TNIP2/ADRB2/PCBP1/AGPAT2/LGALS9B/ZNF804A/STAT2/SCAND1/APLN/PIK3CD/ID4/IL17D/MYD88/TRMT112/DMRT2/HEG1/HOXB2/LARP7/HRAS/LPL/FOSL1/SPHK1/JUN/TAF7/CALR/GATA2/CDH5/IFNL1/NKX2-5/HMCES/TBX1/CSF1/POU3F2/STING1/NR2F2/MYBL1/BTN3A2/TMPRSS6/PTMA/ISG15/PLSCR1/GTF2F2/HMGB1/PAX5/ZNF836/SERTAD1/HNRNPAB/SLC2A10/S100A10/HMGN5/TFDP1/CARD11/HOXC4/DLL1/GJC2/SOX18/MAFB/DAXX/HSPA1B/HSPA1A/ABCF1/HLA-E/HLA-F/HMGN1/HLA-A/GPSM3/HMSD/HOXB-AS3/NICOL1/FOXD1/SCX/SPON1/UHRF1/RAB7B	220
GO:0008283	cell population proliferation	171/1177	1723/14829	0.0992455020313407	1.25039214071602	3.24608307580589	0.000922202402136917	0.0368166688843305	0.0341901221462718	NOX1/CD9/ALOX5/SNAI2/TNC/LAMC2/RASGRF1/DLX3/ROGDI/LIMS2/MYDGF/RAP1GAP/TP73/NDC80/IL12RB2/ESR1/BAMBI/BCL7C/TSPO/E2F1/SRPX/TIMP1/CORO1A/SMPD3/ESRP2/PYCARD/STX4/IL7/ERCC2/IL4I1/MED25/CCNE1/GLI3/OGN/ENG/MDK/SH2B3/RIPOR2/HBEGF/PRLR/GNAI2/STAT1/IGFBP5/PDCL3/ODC1/DHCR24/F3/IRF6/RPS6KA1/A4GNT/STK11/IFIT3/SFRP5/CD274/TNFRSF8/TWIST1/CDKN2C/CDK2/NMI/SDC4/IRF1/STAT5A/SOX15/CDKN2D/BST2/ATP5IF1/IDO1/ZNF304/LGALS3/H3-3B/PLAAT4/LOXL2/VTCN1/NGF/ETS1/GLUL/KLF4/TLR4/CCN3/MMP7/THBS1/CYP1B1/COX17/PDE5A/PML/CEP131/COL6A1/DMRTA2/ECM1/WNT9A/PDGFC/DSN1/SLC25A27/ING1/CFDP1/MMP16/TIAM1/SSBP3/LMNA/TNFSF13/FRZB/ADORA1/HMGB2/CITED2/CDCA7L/GPER1/CLDN3/E2F7/SPINT1/SERPINB7/B2M/GREM1/NKX3-1/IGFBP6/FTH1/ATOH8/FABP6/LGALS9B/STAT2/RPS9/SHCBP1/APLN/PIK3CD/ID4/COPS9/MYD88/HRAS/BTC/TP53I11/FOSL1/SFN/SPHK1/JUN/PARP10/CALR/GATA2/CDH5/PHLDA2/IFNL1/CRIP2/NKX2-5/ZNF703/SCN5A/TBX1/CSF1/POU3F2/NR2F2/HMGB1/SERTAD1/DPP4/PDCD1LG2/HMGN5/TFDP1/CARD11/DLL1/GJC2/PRC1/SOX18/HSPA1B/HSPA1A/HLA-E/PSMB10/HMGN1/SERPINB5/HLA-A/IFI30/GPX1/SCX/EPPK1/TXNIP/UHRF1	171
GO:0007059	chromosome segregation	51/1177	411/14829	0.124087591240876	1.56337713722256	3.40094022835846	0.000930819513388682	0.0368166688843305	0.0341901221462718	DPF1/TACC3/NCAPH2/CENPQ/SMC1A/NDC80/NUDC/KIF4A/BCL7C/CENPM/MYBL2/CHMP4B/ERCC2/CCNE1/SMARCD2/ANAPC15/RIPOR2/IK/MAD2L2/ZWINT/KNSTRN/HAUS8/PSMC3IP/PSRC1/C9orf78/ANAPC11/DSN1/CENPU/TTN/MIS18A/SYCE2/PTTG1/BRD7/SAC3D1/CENPX/UBE2C/CENPS/CCNE2/CHMP6/RRS1/PLSCR1/SYCP2/TUBB/CCDC69/PRC1/CENPW/HSPA1B/HSPA1A/HAUS7/KIFC1/UHRF1	51
GO:0002831	regulation of response to biotic stimulus	57/1177	472/14829	0.120762711864407	1.52148704693058	3.38075777120185	0.000932370747631738	0.0368166688843305	0.0341901221462718	OAS1/NLRC4/ESR1/SAMHD1/PYCARD/IL4I1/RPS19/CDC37/DHX58/OAS3/STAT1/CD160/CD274/TRIM25/NMI/ZNFX1/IRF1/BPIFB1/RFTN1/TRIM21/TRAFD1/TLR4/CASP1/PML/NLRC5/LYAR/TIFA/ZDHHC12/GBP2/NLRP3/CTSS/IFI16/DTX3L/HMGB2/ERAP1/TLR3/TNIP2/STAT2/MYD88/FOSL1/SFN/STING1/ISG15/PLSCR1/HMGB1/HSPA1B/HSPA1A/CARD16/MICB/HLA-E/HLA-F/KLRC2/HLA-A/TREX1/HLA-B/USP27X/RAB7B	57
GO:0031328	positive regulation of cellular biosynthetic process	224/1177	2336/14829	0.0958904109589041	1.20812141385691	3.21774183609447	0.000935802536764592	0.0368166688843305	0.0341901221462718	UPF1/CCDC124/NOX1/NFIX/IL32/VIM/TNC/DTNBP1/DLX3/YBX1/SP100/ZFY/PITX1/PRKACA/MYDGF/TP73/PKP1/IL12RB2/PSMC5/OAS1/FUS/NLRC4/ESR1/EZR/BAMBI/MYH9/MYBL2/PRPF6/E2F1/ABCD1/FMR1/PYCARD/STX4/IL7/SNRNP70/IL4I1/MED25/PDCD5/DNAJC2/GLI3/TRIM14/ENG/EDF1/PDLIM1/SMARCD2/DHX58/COL1A1/MDK/OAS3/TUSC2/NCL/STAT1/PDCL3/WNT6/DLX2/PARK7/MAD2L2/UAP1/CD160/F3/IRF6/RPS6KA1/STK11/CD274/SMAD9/TNFRSF8/TRIM25/TWIST1/HOXC13/CDK2/HOXC11/EXOSC9/RAB38/DEK/IRF1/UPF3B/BCL2L12/STAT5A/PIN1/YWHAH/KRT17/SOX15/LRP3/CASZ1/HABP4/IDO1/RFTN1/PSMC3IP/RAMP2/ZNF304/TRIM21/CAMK1/PSRC1/VTCN1/NGF/ETS1/LMO2/HNRNPA1/WNT10A/KLF4/TLR4/CASP1/THBS1/CYP1B1/SSB/SEMA7A/HNRNPD/DNAJA4/ARRDC4/PML/NLRC5/WRAP53/SECTM1/RPL11/ACTA1/DLX1/LYAR/CAMK4/ING1/TTN/HK1/SSBP3/PINK1/PRMT2/LMNA/IER2/TNFSF13/NLRP3/ACTG2/IFI16/DTX3L/MELTF/H2AZ1/HMGB2/TLR3/CITED2/GPER1/CLDN3/RET/E2F7/PSMC3/BRD7/SERPINB7/LEO1/B2M/GREM1/NKX3-1/PBX3/ING2/ATOH8/TNIP2/ADRB2/PCBP1/AGPAT2/LGALS9B/ZNF804A/STAT2/SCAND1/APLN/PIK3CD/ID4/IL17D/MYD88/TRMT112/DMRT2/HEG1/HOXB2/LARP7/HRAS/LPL/FOSL1/SPHK1/JUN/TAF7/CALR/GATA2/CDH5/IFNL1/NKX2-5/HMCES/TBX1/CSF1/POU3F2/STING1/NR2F2/MYBL1/BTN3A2/TMPRSS6/PTMA/ISG15/PLSCR1/GTF2F2/HMGB1/PAX5/ZNF836/SERTAD1/HNRNPAB/SLC2A10/S100A10/HMGN5/TFDP1/CARD11/HOXC4/DLL1/GJC2/SOX18/MAFB/DAXX/HSPA1B/HSPA1A/ABCF1/HLA-E/HLA-F/HMGN1/HLA-A/GPSM3/HMSD/HOXB-AS3/NICOL1/FOXD1/SCX/SPON1/UHRF1/RAB7B	224
GO:0043542	endothelial cell migration	30/1177	207/14829	0.144927536231884	1.8259391969266	3.51367218212149	0.000940735084583578	0.0368166688843305	0.0341901221462718	PRSS3/SNAI2/HDAC9/SP100/SH3BP1/MYH9/STAT5A/LOXL2/ETS1/GLUL/KLF4/CCN3/THBS1/CYP1B1/DNAJA4/RAB13/SLIT2/GREM1/ATOH8/PIK3CD/SVBP/CALR/GATA2/CDH5/NR2F2/HMGB1/S100A2/DPP4/SOX18/GPX1	30
GO:0051246	regulation of protein metabolic process	178/1177	1804/14829	0.098669623059867	1.24313665280779	3.23527509451306	0.000943284290034354	0.0368166688843305	0.0341901221462718	UPF1/TMEM98/PLAUR/TIMP2/DTNBP1/ARHGEF5/TAB2/HMG20B/YBX1/RASSF1/PRKACA/FRY/MYDGF/ITM2A/KEAP1/PKP1/DNAJA1/PSMC5/NLRC4/PSME1/EZR/CLSPN/TSPO/MYH9/RBX1/PSME2/CTSZ/EEF1A2/SNTA1/CST3/CST4/WFDC2/FMR1/PCSK1N/TIMP1/PYCARD/EHD4/SNRNP70/OAZ1/CDC37/RARRES2/HBEGF/PRLR/NCL/IGFBP5/PDCL3/ODC1/PARK7/MAD2L2/F3/RPS6KA1/STK11/TNFSF10/CDKN2C/NECAB1/CDK2/NMI/SLPI/UPF3B/BCL2L12/IFI6/PIN1/KRT17/CDKN2D/DDA1/ATP5IF1/SHFL/HABP4/TRIM21/CAMK1/PSRC1/NGF/BIN1/KLF4/TLR4/ANP32B/ENPP2/CASP1/THBS1/CYP1B1/SSB/HNRNPD/PDE5A/ARRDC4/PML/PMAIP1/RPL11/PFDN2/ECM1/SLIT2/DBI/EIF5B/PINK1/CSTB/ITGA5/UBXN1/IFI16/TIPARP/DTX3L/MELTF/RHOBTB3/TLR3/PI16/GPER1/CLDN3/RET/PSMC3/SPINT1/SMPD1/SERPINB7/GREM1/NKX3-1/DAPK3/RILP/ADRB2/CENPX/FAXDC2/CST1/STAT2/RPS9/PKIA/COPS9/IL17D/RPL38/CSPG4/HEG1/HRAS/UBE2C/PSMD2/PPM1E/CENPS/CCNE2/AURKAIP1/SFN/DOK7/CHMP6/SPHK1/TYMS/SVBP/PARP10/TAF7/CALR/CDH5/GAS1/IFNL1/TBX1/TSPYL2/CSF1/SPDYE16/NR2F2/ISG15/NANOS1/CLDN4/HMGB1/SERTAD1/SERPINA1/SLC2A10/S100A10/DAXX/PFDN6/PSMB8/HSPA1B/HSPA1A/CARD16/ABCF1/SPDYE2/SARNP/SPDYE18/SERPINB5/DIO2/HMSD/GPX1/PSMB9/C8orf88/SPDYE6/SPON1/UHRF1/F8A1	178
GO:0050776	regulation of immune response	87/1177	788/14829	0.110406091370558	1.39100418770944	3.31189742994504	0.000948091020367424	0.0368166688843305	0.0341901221462718	OAS1/NLRC4/ESR1/EZR/SAMHD1/PYCARD/STX4/KCNN4/IL4I1/RPS19/CDC37/DHX58/OAS3/BTN3A3/PARK7/MAD2L2/GBP1/CD160/STK11/CD274/TRIM25/NMI/ZNFX1/IRF1/BPIFB1/STAT5A/THEMIS2/IDO1/RFTN1/LGALS3/TRIM21/VTCN1/TRAFD1/TLR4/CASP1/NLRC5/SECTM1/ECM1/LYAR/TIFA/RAET1L/ZDHHC12/TNFSF13/GBP2/NLRP3/FCMR/CTSS/IFI16/HMGB2/ERAP1/TLR3/B2M/TNIP2/STAT2/PIK3CD/MYD88/HRAS/FOSL1/SFN/IFNL1/SPNS2/HMCES/IFNL2/STING1/BTN3A2/ISG15/PLSCR1/HMGB1/CFD/CARD11/TAP2/HSPA1B/HSPA1A/MICB/HLA-C/HLA-E/HLA-F/CD177/KLRC2/HLA-A/TREX1/HMSD/C4B/GPX1/HLA-B/USP27X/RAB7B	87
GO:0003084	positive regulation of systemic arterial blood pressure	5/1177	11/14829	0.454545454545455	5.72680929945161	4.60469648121354	0.000961357282230852	0.0368166688843305	0.0341901221462718	ENG/MANF/ADORA1/HSD11B2/NR2F2	5
GO:0072672	neutrophil extravasation	5/1177	11/14829	0.454545454545455	5.72680929945161	4.60469648121354	0.000961357282230852	0.0368166688843305	0.0341901221462718	CD99/MDK/RIPOR2/PIK3CD/CD177	5
GO:1905048	regulation of metallopeptidase activity	5/1177	11/14829	0.454545454545455	5.72680929945161	4.60469648121354	0.000961357282230852	0.0368166688843305	0.0341901221462718	TIMP2/TIMP1/CLDN3/SVBP/CLDN4	5
GO:0022900	electron transport chain	21/1177	127/14829	0.165354330708661	2.08329598137531	3.59991431346342	0.000993437258487405	0.0377846376464422	0.0350890348185277	NDUFB2/NDUFB7/PARK7/DNAJC15/NDUFA2/NDUFB10/NDUFS6/PINK1/UQCRQ/NDUFS5/COX2/CYTB/ND2/ND5/ND3/ND4/ND1/UQCC3/ND4L/MTCO2P12/SCO2	21
GO:0019884	antigen processing and presentation of exogenous antigen	9/1177	34/14829	0.264705882352941	3.33502423909241	4.00225492077587	0.00103149009386426	0.0389650645661785	0.0361852486204154	PSME1/CTSV/CTSS/B2M/TAP2/HLA-E/HLA-F/HLA-A/IFI30	9
GO:0060761	negative regulation of response to cytokine stimulus	15/1177	78/14829	0.192307692307692	2.4228808574603	3.69944424882754	0.00107299993406385	0.0399934400344356	0.0371402585096155	OAS1/SAMHD1/TLE5/SH2B3/OAS3/PXDN/KLF4/NLRC5/ECM1/SLIT2/TNFRSF11B/STAT2/ISG15/CARD16/TREX1	15
GO:0097191	extrinsic apoptotic signaling pathway	31/1177	218/14829	0.142201834862385	1.79159813863578	3.45719933712654	0.00107311769586366	0.0399934400344356	0.0371402585096155	SNAI2/SP100/SRPX/TRADD/PYCARD/STX4/IL7/PARK7/TNFSF10/G0S2/IFI6/LGALS3/NGF/KLF4/TLR4/THBS1/PML/PMAIP1/LMNA/PEA15/HMGB2/TLR3/GPER1/RET/PDIA3/SIVA1/ACSL5/DAXX/HSPA1B/HSPA1A/GPX1	31
GO:0009144	purine nucleoside triphosphate metabolic process	33/1177	237/14829	0.139240506329114	1.75428841831302	3.43704788061714	0.00108759732154409	0.040261847459146	0.0373895174163527	PRKACA/NDUFB2/NDUFB7/TSPO/SAMHD1/ANTKMT/ATP5IF1/NDUFA2/NDUFB10/PFKL/COL6A1/GUK1/NDUFS6/ATP5PF/HK1/PINK1/HK2/ATP5MG/NDUFS5/PGAM1/ATP6V0C/ND2/ND5/ND3/ND4/ND1/ATP6/HSPA1B/HSPA1A/UQCC3/ND4L/TREX1/ATP8	33
GO:0000280	nuclear division	51/1177	414/14829	0.123188405797101	1.55204831738761	3.3450400198594	0.00109482063143005	0.040261847459146	0.0373895174163527	ANLN/NCAPH2/RAD51/SMC1A/NDC80/NUDC/KIF4A/RANBP1/MYBL2/CHMP4B/SMPD3/CCNE1/ANAPC15/RAD51AP1/RIPOR2/IK/MAD2L2/ZWINT/PIN1/KNSTRN/PSMC3IP/BRME1/CCNA1/PSRC1/C9orf78/ANAPC11/TTN/NPM2/SYCE2/PTTG1/DAPK3/ING2/CENPX/BTC/UBE2C/CENPS/CCNE2/AURKAIP1/CHMP6/SPHK1/CNTD1/RRS1/CALR/MYBL1/SYCP2/PRC1/HSPA1B/HSPA1A/KIFC1/PDXP/UHRF1	51
GO:0060339	negative regulation of type I interferon-mediated signaling pathway	7/1177	22/14829	0.318181818181818	4.00876650961613	4.14665275725711	0.0011484498340759	0.0418055931185085	0.038823130349185	OAS1/SAMHD1/OAS3/NLRC5/STAT2/ISG15/TREX1	7
GO:0033993	response to lipid	88/1177	804/14829	0.109452736318408	1.3789928860371	3.24443462606197	0.00115769312188731	0.0418055931185085	0.038823130349185	UPF1/PPP5C/KDM5D/SNAI2/VIM/TNC/TAB2/SP100/IL12RB2/DNAJA1/ESR1/TSPO/BDKRB1/E2F1/PYCARD/COL1A1/LOX/WNT6/PARK7/GBP3/STK11/CD274/TRIM25/SLPI/YWHAH/CDKN2D/CDO1/SAFB2/ARPC1B/IDO1/RPL27/NASP/CMPK2/BIN1/KLF4/TLR4/MGARP/CASP1/THBS1/CYP1B1/HNRNPD/COL6A1/ADAM15/ACTA1/WNT9A/SLIT2/PRMT2/SAFB/GBP2/NLRP3/H2AZ1/HMGB2/GPER1/AQP3/RET/CASP7/B2M/NKX3-1/GPX4/TNIP2/MYD88/CNP/PPM1E/LPL/FOSL1/HSD11B2/TYMS/JUN/TAF7/SELENOW/CALR/GATA2/ZNF703/TBX1/NR2F2/GJB3/CLDN4/HMGB1/PDCD1LG2/ND3/DAXX/HSPA1B/HSPA1A/CARD16/MICB/DIO2/GPX1/TXNIP	88
GO:0009152	purine ribonucleotide biosynthetic process	23/1177	146/14829	0.157534246575342	1.9847708941935	3.51103867158441	0.00115938435804976	0.0418055931185085	0.038823130349185	NDUFB2/NDUFB7/ANTKMT/NPPB/ATP5IF1/NDUFA2/NDUFB10/GUK1/NDUFS6/ATP5PF/PINK1/ATP5MG/NDUFS5/ATP6V0C/ND2/ND5/ND3/ND4/ND1/ATP6/UQCC3/ND4L/ATP8	23
GO:0051248	negative regulation of protein metabolic process	80/1177	719/14829	0.111265646731572	1.4018337089061	3.24323698920626	0.00120539923278809	0.0431843996107887	0.040103571079313	TMEM98/PLAUR/TIMP2/HMG20B/YBX1/FRY/ITM2A/DNAJA1/TSPO/CTSZ/SNTA1/CST3/CST4/WFDC2/FMR1/PCSK1N/TIMP1/PYCARD/SNRNP70/HBEGF/NCL/IGFBP5/PDCL3/PARK7/MAD2L2/SLPI/BCL2L12/IFI6/PIN1/CDKN2D/SHFL/HABP4/TRIM21/NGF/BIN1/THBS1/PML/RPL11/PFDN2/ECM1/SLIT2/DBI/CSTB/UBXN1/IFI16/DTX3L/PI16/SPINT1/SMPD1/SERPINB7/DAPK3/RILP/CST1/PKIA/COPS9/HEG1/PPM1E/SFN/CHMP6/TYMS/SVBP/PARP10/TAF7/CALR/GAS1/NR2F2/ISG15/NANOS1/SERPINA1/SLC2A10/PFDN6/HSPA1B/HSPA1A/CARD16/SERPINB5/HMSD/GPX1/C8orf88/SPON1/F8A1	80
GO:0045765	regulation of angiogenesis	35/1177	258/14829	0.135658914728682	1.70916401572781	3.37398575590765	0.00124632760030779	0.0441329671919564	0.0409844666748926	ALOX5/SP100/MYDGF/ENG/MDK/STAT1/PDCL3/CD160/F3/NPPB/TWIST1/RAMP2/ZNF304/ETS1/GLUL/CCM2/KLF4/THBS1/CYP1B1/PML/ECM1/ADAM12/HK2/S100A1/ITGA5/ERAP1/TLR3/GREM1/CLIC3/PIK3CD/SPHK1/GATA2/CDH5/DLL1/FKBPL	35
GO:0016485	protein processing	31/1177	220/14829	0.140909090909091	1.77531088283	3.40179670582135	0.00124777162779347	0.0441329671919564	0.0409844666748926	TMEM98/PRSS3/PLAUR/PRKACA/NLRC4/MYH9/CTSZ/PCSK1N/PYCARD/GLI3/AEBP1/CPE/DHCR24/F3/SRGN/BCL2L12/CASP1/THBS1/MMP16/CTSS/IFI16/MELTF/CASP7/FAM111A/GAS1/CASP4/DPP4/S100A10/MAFB/CARD16/SPON1	31
GO:0030522	intracellular receptor signaling pathway	44/1177	347/14829	0.126801152737752	1.59756524549543	3.30725115666016	0.00131680994554663	0.0462800356178507	0.0429783605811654	KDM5D/SNAI2/AHRR/SP100/DNAJA1/OAS1/ESR1/PYCARD/DHX58/OAS3/PARK7/TRIM25/TWIST1/YWHAH/SAFB2/RFTN1/TLR4/PML/TIFA/NR2F6/PRMT2/ZDHHC12/SAFB/GBP2/NLRP3/IFI16/TLR3/CITED2/GPER1/NKX3-1/TNIP2/MYD88/TAF7/ALOXE3/CALR/TBX1/STING1/NR2F2/HMGB1/DAXX/HSPA1B/HSPA1A/TREX1/RAB7B	44
GO:0045109	intermediate filament organization	10/1177	42/14829	0.238095238095238	2.9997572520937	3.81059917840663	0.00134166825727701	0.0462813939372713	0.0429796219963969	VIM/PKP1/KRT32/KRT17/KRT34/KRT33B/BBLN/KRT19/KRT16/EPPK1	10
GO:0060338	regulation of type I interferon-mediated signaling pathway	10/1177	42/14829	0.238095238095238	2.9997572520937	3.81059917840663	0.00134166825727701	0.0462813939372713	0.0429796219963969	OAS1/SAMHD1/CDC37/OAS3/NLRC5/STAT2/STING1/ISG15/TREX1/USP27X	10
GO:1903317	regulation of protein maturation	13/1177	64/14829	0.203125	2.55916790569244	3.67026589542846	0.00134185204824432	0.0462813939372713	0.0429796219963969	TMEM98/PLAUR/PRKACA/NLRC4/MYH9/CTSZ/BCL2L12/THBS1/MELTF/GAS1/S100A10/CARD16/SPON1	13
GO:0002478	antigen processing and presentation of exogenous peptide antigen	8/1177	29/14829	0.275862068965517	3.47558081621891	3.91811005054855	0.00145917927524102	0.0497105675792231	0.046164154145339	CTSV/CTSS/B2M/TAP2/HLA-E/HLA-F/HLA-A/IFI30	8
GO:0009595	detection of biotic stimulus	8/1177	29/14829	0.275862068965517	3.47558081621891	3.91811005054855	0.00145917927524102	0.0497105675792231	0.046164154145339	NLRC4/TSPO/SRPX/TLR4/NLRP3/HLA-A/C4B/HLA-B	8
